Id,d1 (18-17),d1 (18-17) ABS,negpos1,d2 (19-18),d2 (19-18) ABS,negpos2,d1 (18-17)p,d2 (19-18)p
Abadia dos Dourados,13.9,13.9,1,861.29,861.29,1,13.9,861.29
Abaeté,-4.29,4.29,0,1722.64,1722.64,1,0,1722.64
Abre Campo,7.28,7.28,1,118.97,118.97,1,7.28,118.97
Acaiaca,73.8,73.8,1,-73.8,73.8,0,73.8,0
Açucena,61.57,61.57,1,-149.16,149.16,0,61.57,0
Água Boa,0.3,0.3,1,758.14,758.14,1,0.3,758.14
Água Comprida,49.15,49.15,1,1851.81,1851.81,1,49.15,1851.81
Aguanil,21.8,21.8,1,-45.09,45.09,0,21.8,0
Águas Formosas,-82.93,82.93,0,250.58,250.58,1,0,250.58
Águas Vermelhas,-193.56,193.56,0,66.94,66.94,1,0,66.94
Aimorés,-163.5,163.5,0,465.54,465.54,1,0,465.54
Aiuruoca,0,0,0,0,0,0,0,0
Alagoa,0,0,0,74.54,74.54,1,0,74.54
Albertina,-32.97,32.97,0,66.6,66.6,1,0,66.6
Além Paraíba,22.29,22.29,1,17.38,17.38,1,22.29,17.38
Alfenas,103.31,103.31,1,541.49,541.49,1,103.31,541.49
Alfredo Vasconcelos,14.76,14.76,1,14.52,14.52,1,14.76,14.52
Almenara,-358.44,358.44,0,2.41,2.41,1,0,2.41
Alpercata,-294.2,294.2,0,53.97,53.97,1,0,53.97
Alpinópolis,4.99,4.99,1,845.83,845.83,1,4.99,845.83
Alterosa,-62.58,62.58,0,14.14,14.14,1,0,14.14
Alto Caparaó,0,0,0,0,0,0,0,0
Alto Jequitibá,0,0,0,0,0,0,0,0
Alto Rio Doce,8.55,8.55,1,-8.55,8.55,0,8.55,0
Alvarenga,263.51,263.51,1,4776.08,4776.08,1,263.51,4776.08
Alvinópolis,44.94,44.94,1,1787.17,1787.17,1,44.94,1787.17
Alvorada de Minas,0,0,0,83.19,83.19,1,0,83.19
Amparo do Serra,20.31,20.31,1,21.79,21.79,1,20.31,21.79
Andradas,9.75,9.75,1,51.52,51.52,1,9.75,51.52
Andrelândia,-8,8,0,24.51,24.51,1,0,24.51
Angelândia,-11.82,11.82,0,624.93,624.93,1,0,624.93
Antônio Carlos,-8.65,8.65,0,17.49,17.49,1,0,17.49
Antônio Dias,321.78,321.78,1,-246.31,246.31,0,321.78,0
Antônio Prado de Minas,0,0,0,186.45,186.45,1,0,186.45
Araçaí,42.23,42.23,1,427.65,427.65,1,42.23,427.65
Aracitaba,47.37,47.37,1,-47.37,47.37,0,47.37,0
Araçuaí,-231,231,0,247.06,247.06,1,0,247.06
Araguari,18.47,18.47,1,1847.05,1847.05,1,18.47,1847.05
Arantina,0,0,0,0,0,0,0,0
Araponga,0,0,0,47.48,47.48,1,0,47.48
Araporã,318.29,318.29,1,143.91,143.91,1,318.29,143.91
Arapuá,34.69,34.69,1,1377.24,1377.24,1,34.69,1377.24
Araújos,576.3,576.3,1,460.06,460.06,1,576.3,460.06
Araxá,54.16,54.16,1,686.47,686.47,1,54.16,686.47
Arceburgo,46.9,46.9,1,1022.31,1022.31,1,46.9,1022.31
Arcos,1059.9,1059.9,1,7084.65,7084.65,1,1059.9,7084.65
Areado,-6.98,6.98,0,187.23,187.23,1,0,187.23
Argirita,-34.6,34.6,0,72.7,72.7,1,0,72.7
Aricanduva,-39.08,39.08,0,96.32,96.32,1,0,96.32
Arinos,-137.33,137.33,0,549.92,549.92,1,0,549.92
Astolfo Dutra,141.48,141.48,1,-70.63,70.63,0,141.48,0
Ataléia,-120.94,120.94,0,31,31,1,0,31
Augusto de Lima,19.98,19.98,1,3826.79,3826.79,1,19.98,3826.79
Baependi,-15.67,15.67,0,26.24,26.24,1,0,26.24
Baldim,-12.36,12.36,0,751.81,751.81,1,0,751.81
Bambuí,12.22,12.22,1,1532.73,1532.73,1,12.22,1532.73
Bandeira,-99.62,99.62,0,0,0,0,0,0
Bandeira do Sul,-17.62,17.62,0,17.5,17.5,1,0,17.5
Barão de Cocais,-9.73,9.73,0,956.02,956.02,1,0,956.02
Barão de Monte Alto,0.18,0.18,1,166.01,166.01,1,0.18,166.01
Barbacena,0.54,0.54,1,6.64,6.64,1,0.54,6.64
Barra Longa,17.78,17.78,1,1.27,1.27,1,17.78,1.27
Barroso,19.06,19.06,1,130.54,130.54,1,19.06,130.54
Bela Vista de Minas,0,0,0,761.12,761.12,1,0,761.12
Belmiro Braga,28.55,28.55,1,175.35,175.35,1,28.55,175.35
Belo Horizonte,-28.2,28.2,0,2901.18,2901.18,1,0,2901.18
Belo Oriente,999.68,999.68,1,-854.69,854.69,0,999.68,0
Belo Vale,191.27,191.27,1,859.49,859.49,1,191.27,859.49
Berilo,0.05,0.05,1,200.33,200.33,1,0.05,200.33
Berizal,0,0,0,0,0,0,0,0
Bertópolis,0,0,0,152.11,152.11,1,0,152.11
Betim,-145.06,145.06,0,6860.12,6860.12,1,0,6860.12
Bias Fortes,0,0,0,0,0,0,0,0
Bicas,20.63,20.63,1,658.46,658.46,1,20.63,658.46
Biquinhas,-37.27,37.27,0,2.62,2.62,1,0,2.62
Boa Esperança,-19.92,19.92,0,874.44,874.44,1,0,874.44
Bocaina de Minas,0,0,0,0,0,0,0,0
Bocaiúva,709.44,709.44,1,1371.67,1371.67,1,709.44,1371.67
Bom Despacho,-91.89,91.89,0,89.63,89.63,1,0,89.63
Bom Jardim de Minas,-45.09,45.09,0,0,0,0,0,0
Bom Jesus da Penha,-0.6,0.6,0,119.47,119.47,1,0,119.47
Bom Jesus do Amparo,116.32,116.32,1,3581.24,3581.24,1,116.32,3581.24
Bom Jesus do Galho,32.52,32.52,1,121.85,121.85,1,32.52,121.85
Bom Repouso,0,0,0,0,0,0,0,0
Bom Sucesso,100.5,100.5,1,-77.69,77.69,0,100.5,0
Bonfim,-71.38,71.38,0,469.86,469.86,1,0,469.86
Bonfinópolis de Minas,-17.15,17.15,0,252.53,252.53,1,0,252.53
Bonito de Minas,-9.37,9.37,0,1677.49,1677.49,1,0,1677.49
Borda da Mata,-0.1,0.1,0,31.2,31.2,1,0,31.2
Botelhos,0,0,0,0.29,0.29,1,0,0.29
Botumirim,91.82,91.82,1,522.89,522.89,1,91.82,522.89
Brás Pires,0.52,0.52,1,161.8,161.8,1,0.52,161.8
Brasilândia de Minas,61.35,61.35,1,648.24,648.24,1,61.35,648.24
Brasília de Minas,-1707.45,1707.45,0,2208.37,2208.37,1,0,2208.37
Brasópolis,-20.09,20.09,0,13.79,13.79,1,0,13.79
Braúnas,20.32,20.32,1,-39.28,39.28,0,20.32,0
Brumadinho,-40.65,40.65,0,669.9,669.9,1,0,669.9
Bueno Brandão,0,0,0,9.08,9.08,1,0,9.08
Buenópolis,66.06,66.06,1,1746.02,1746.02,1,66.06,1746.02
Bugre,-48.52,48.52,0,49.94,49.94,1,0,49.94
Buritis,-53.39,53.39,0,4156.02,4156.02,1,0,4156.02
Buritizeiro,-78.33,78.33,0,1751.19,1751.19,1,0,1751.19
Cabeceira Grande,-0.99,0.99,0,1997.78,1997.78,1,0,1997.78
Cabo Verde,-13.99,13.99,0,21.31,21.31,1,0,21.31
Cachoeira da Prata,-53.67,53.67,0,858.01,858.01,1,0,858.01
Cachoeira de Minas,-8.65,8.65,0,43.43,43.43,1,0,43.43
Cachoeira de Pajeú,-53.13,53.13,0,21.32,21.32,1,0,21.32
Cachoeira Dourada,-343.25,343.25,0,749.44,749.44,1,0,749.44
Caetanópolis,-567.61,567.61,0,459.61,459.61,1,0,459.61
Caeté,17.8,17.8,1,1568.38,1568.38,1,17.8,1568.38
Caiana,-18.68,18.68,0,0,0,0,0,0
Cajuri,-24.27,24.27,0,99.95,99.95,1,0,99.95
Caldas,-0.07,0.07,0,-6.88,6.88,0,0,0
Camacho,0,0,0,102.25,102.25,1,0,102.25
Camanducaia,-4.55,4.55,0,4.6,4.6,1,0,4.6
Cambuí,-6.98,6.98,0,3.42,3.42,1,0,3.42
Cambuquira,-30.76,30.76,0,-15.18,15.18,0,0,0
Campanário,-1180.73,1180.73,0,30.91,30.91,1,0,30.91
Campanha,35.37,35.37,1,-60.01,60.01,0,35.37,0
Campestre,4.66,4.66,1,4.84,4.84,1,4.66,4.84
Campina Verde,313.64,313.64,1,806.6,806.6,1,313.64,806.6
Campo Azul,-339.22,339.22,0,2705.93,2705.93,1,0,2705.93
Campo Belo,1.72,1.72,1,668.53,668.53,1,1.72,668.53
Campo do Meio,-8.46,8.46,0,326.27,326.27,1,0,326.27
Campo Florido,-15.13,15.13,0,1219.22,1219.22,1,0,1219.22
Campos Altos,753.62,753.62,1,-499.87,499.87,0,753.62,0
Campos Gerais,-3.46,3.46,0,1309.97,1309.97,1,0,1309.97
Cana Verde,-34.85,34.85,0,107.29,107.29,1,0,107.29
Canaã,21.28,21.28,1,-21.28,21.28,0,21.28,0
Canápolis,209.96,209.96,1,1452.41,1452.41,1,209.96,1452.41
Candeias,46.2,46.2,1,1714.3,1714.3,1,46.2,1714.3
Cantagalo,-22.4,22.4,0,867.05,867.05,1,0,867.05
Caparaó,0,0,0,55.31,55.31,1,0,55.31
Capela Nova,0,0,0,42.8,42.8,1,0,42.8
Capelinha,-29.54,29.54,0,118.87,118.87,1,0,118.87
Capetinga,-27.84,27.84,0,1323.36,1323.36,1,0,1323.36
Capim Branco,-10.79,10.79,0,3967.35,3967.35,1,0,3967.35
Capinópolis,527.17,527.17,1,1446.92,1446.92,1,527.17,1446.92
Capitão Andrade,18.5,18.5,1,18.4,18.4,1,18.5,18.4
Capitão Enéas,104.72,104.72,1,766.25,766.25,1,104.72,766.25
Capitólio,-69.67,69.67,0,953.38,953.38,1,0,953.38
Caputira,0,0,0,75.37,75.37,1,0,75.37
Caraí,-25.53,25.53,0,25.51,25.51,1,0,25.51
Caranaíba,60.62,60.62,1,1.88,1.88,1,60.62,1.88
Carandaí,11.62,11.62,1,94.81,94.81,1,11.62,94.81
Carangola,-3.01,3.01,0,324.51,324.51,1,0,324.51
Caratinga,-35.43,35.43,0,9.9,9.9,1,0,9.9
Carbonita,0,0,0,223.5,223.5,1,0,223.5
Careaçu,0,0,0,282.7,282.7,1,0,282.7
Carlos Chagas,-139.81,139.81,0,22.43,22.43,1,0,22.43
Carmésia,38.04,38.04,1,38.38,38.38,1,38.04,38.38
Carmo da Cachoeira,-24.48,24.48,0,-24.29,24.29,0,0,0
Carmo da Mata,-8.84,8.84,0,96.35,96.35,1,0,96.35
Carmo de Minas,0,0,0,6.77,6.77,1,0,6.77
Carmo do Cajuru,-41.82,41.82,0,1028.76,1028.76,1,0,1028.76
Carmo do Paranaíba,-3.27,3.27,0,557.49,557.49,1,0,557.49
Carmo do Rio Claro,4.61,4.61,1,807.55,807.55,1,4.61,807.55
Carmópolis de Minas,-16.75,16.75,0,2078.73,2078.73,1,0,2078.73
Carneirinho,-160.5,160.5,0,561.04,561.04,1,0,561.04
Carrancas,0,0,0,123.64,123.64,1,0,123.64
Carvalhópolis,0,0,0,56.18,56.18,1,0,56.18
Carvalhos,0,0,0,22.25,22.25,1,0,22.25
Casa Grande,-43.35,43.35,0,-43.31,43.31,0,0,0
Cascalho Rico,65.13,65.13,1,425.55,425.55,1,65.13,425.55
Cássia,11.08,11.08,1,930.35,930.35,1,11.08,930.35
Cataguases,-7.08,7.08,0,88.5,88.5,1,0,88.5
Catas Altas,-19.43,19.43,0,75,75,1,0,75
Catas Altas da Noruega,27.28,27.28,1,193.17,193.17,1,27.28,193.17
Catuji,-14.81,14.81,0,-15.12,15.12,0,0,0
Catuti,603.04,603.04,1,1163.12,1163.12,1,603.04,1163.12
Caxambu,-8.98,8.98,0,92.68,92.68,1,0,92.68
Cedro do Abaeté,82.71,82.71,1,685.86,685.86,1,82.71,685.86
Central de Minas,-198.12,198.12,0,-28.12,28.12,0,0,0
Centralina,178.17,178.17,1,1162.29,1162.29,1,178.17,1162.29
Chácara,-230.11,230.11,0,1025.31,1025.31,1,0,1025.31
Chalé,-34.38,34.38,0,17.52,17.52,1,0,17.52
Chapada do Norte,6.38,6.38,1,0.13,0.13,1,6.38,0.13
Chapada Gaúcha,5.66,5.66,1,2618.02,2618.02,1,5.66,2618.02
Chiador,0,0,0,0,0,0,0,0
Cipotânea,0,0,0,14.76,14.76,1,0,14.76
Claraval,-20.83,20.83,0,623.7,623.7,1,0,623.7
Claro dos Poções,76.81,76.81,1,2216.14,2216.14,1,76.81,2216.14
Cláudio,-25.44,25.44,0,296.08,296.08,1,0,296.08
Coimbra,26.46,26.46,1,133.18,133.18,1,26.46,133.18
Coluna,-21.79,21.79,0,561.36,561.36,1,0,561.36
Comendador Gomes,-96.28,96.28,0,386.72,386.72,1,0,386.72
Comercinho,-38.29,38.29,0,0,0,0,0,0
Conceição da Aparecida,-19.61,19.61,0,39.3,39.3,1,0,39.3
Conceição da Barra de Minas,49.38,49.38,1,26.34,26.34,1,49.38,26.34
Conceição das Alagoas,453.48,453.48,1,1021.69,1021.69,1,453.48,1021.69
Conceição das Pedras,34.99,34.99,1,36.16,36.16,1,34.99,36.16
Conceição de Ipanema,0,0,0,0,0,0,0,0
Conceição do Mato Dentro,16.68,16.68,1,2739.31,2739.31,1,16.68,2739.31
Conceição do Pará,72.34,72.34,1,1058.98,1058.98,1,72.34,1058.98
Conceição do Rio Verde,0,0,0,7.36,7.36,1,0,7.36
Conceição dos Ouros,-17.76,17.76,0,8.68,8.68,1,0,8.68
Cônego Marinho,-66.41,66.41,0,5056.11,5056.11,1,0,5056.11
Confins,-47.53,47.53,0,825.76,825.76,1,0,825.76
Congonhal,-17.45,17.45,0,25.4,25.4,1,0,25.4
Congonhas,-7.89,7.89,0,453.79,453.79,1,0,453.79
Congonhas do Norte,0,0,0,19.83,19.83,1,0,19.83
Conquista,56.12,56.12,1,2216.34,2216.34,1,56.12,2216.34
Conselheiro Lafaiete,11.51,11.51,1,301.83,301.83,1,11.51,301.83
Conselheiro Pena,-272.65,272.65,0,58.23,58.23,1,0,58.23
Consolação,0,0,0,56.12,56.12,1,0,56.12
Contagem,-52.28,52.28,0,3723.97,3723.97,1,0,3723.97
Coqueiral,-21.04,21.04,0,76.99,76.99,1,0,76.99
Coração de Jesus,-7.49,7.49,0,2068.73,2068.73,1,0,2068.73
Cordisburgo,-0.03,0.03,0,1047.12,1047.12,1,0,1047.12
Cordislândia,-0.11,0.11,0,0.42,0.42,1,0,0.42
Corinto,-94.07,94.07,0,3488.74,3488.74,1,0,3488.74
Coroaci,-57.68,57.68,0,30.17,30.17,1,0,30.17
Coromandel,-0.05,0.05,0,958.22,958.22,1,0,958.22
Coronel Fabriciano,2095.15,2095.15,1,-2744.42,2744.42,0,2095.15,0
Coronel Murta,-53.19,53.19,0,86.69,86.69,1,0,86.69
Coronel Pacheco,0,0,0,876.62,876.62,1,0,876.62
Coronel Xavier Chaves,-58.12,58.12,0,87.94,87.94,1,0,87.94
Córrego Danta,30.05,30.05,1,187.3,187.3,1,30.05,187.3
Córrego do Bom Jesus,0,0,0,26.93,26.93,1,0,26.93
Córrego Fundo,-32.22,32.22,0,222.58,222.58,1,0,222.58
Córrego Novo,-65.27,65.27,0,-33.67,33.67,0,0,0
Couto de Magalhães de Minas,-747.96,747.96,0,1387.63,1387.63,1,0,1387.63
Crisólita,45.24,45.24,1,-30.19,30.19,0,45.24,0
Cristais,-8.12,8.12,0,5315.96,5315.96,1,0,5315.96
Cristália,148.87,148.87,1,170.06,170.06,1,148.87,170.06
Cristiano Otoni,19.06,19.06,1,156.08,156.08,1,19.06,156.08
Cristina,28.62,28.62,1,-18.87,18.87,0,28.62,0
Crucilândia,-20.12,20.12,0,738.11,738.11,1,0,738.11
Cruzeiro da Fortaleza,23.77,23.77,1,943.86,943.86,1,23.77,943.86
Cruzília,-19.52,19.52,0,13.02,13.02,1,0,13.02
Cuparaque,517.02,517.02,1,-54.27,54.27,0,517.02,0
Curral de Dentro,-107.02,107.02,0,274.24,274.24,1,0,274.24
Curvelo,-106.68,106.68,0,4417.01,4417.01,1,0,4417.01
Datas,18.18,18.18,1,167.18,167.18,1,18.18,167.18
Delfim Moreira,12.19,12.19,1,-12.19,12.19,0,12.19,0
Delfinópolis,-14,14,0,803.04,803.04,1,0,803.04
Delta,1130.42,1130.42,1,1900.54,1900.54,1,1130.42,1900.54
Descoberto,39.48,39.48,1,541.04,541.04,1,39.48,541.04
Desterro de Entre Rios,0,0,0,248.89,248.89,1,0,248.89
Desterro do Melo,0,0,0,856.46,856.46,1,0,856.46
Diamantina,-321.49,321.49,0,1355.3,1355.3,1,0,1355.3
Diogo de Vasconcelos,51.11,51.11,1,-24.89,24.89,0,51.11,0
Dionísio,0,0,0,674.99,674.99,1,0,674.99
Divinésia,115.62,115.62,1,-144.72,144.72,0,115.62,0
Divino,0,0,0,75.44,75.44,1,0,75.44
Divino das Laranjeiras,-1928.37,1928.37,0,0,0,0,0,0
Divinolândia de Minas,-13.38,13.38,0,26.57,26.57,1,0,26.57
Divinópolis,1.11,1.11,1,1057.15,1057.15,1,1.11,1057.15
Divisa Alegre,-46.31,46.31,0,1223.52,1223.52,1,0,1223.52
Divisa Nova,-200.99,200.99,0,-229.53,229.53,0,0,0
Divisópolis,0,0,0,0,0,0,0,0
Dom Bosco,-52.03,52.03,0,2514.19,2514.19,1,0,2514.19
Dom Cavati,38.22,38.22,1,-37.56,37.56,0,38.22,0
Dom Joaquim,0,0,0,44.62,44.62,1,0,44.62
Dom Silvério,0,0,0,362.39,362.39,1,0,362.39
Dom Viçoso,0,0,0,0,0,0,0,0
Dona Euzébia,14.66,14.66,1,0.04,0.04,1,14.66,0.04
Dores de Campos,-20.09,20.09,0,624.94,624.94,1,0,624.94
Dores de Guanhães,-37.54,37.54,0,0,0,0,0,0
Dores do Indaiá,409.76,409.76,1,-22.94,22.94,0,409.76,0
Dores do Turvo,90.15,90.15,1,-20.2,20.2,0,90.15,0
Doresópolis,-0.6,0.6,0,394.99,394.99,1,0,394.99
Douradoquara,-208.33,208.33,0,1259.84,1259.84,1,0,1259.84
Durandé,0,0,0,25.6,25.6,1,0,25.6
Elói Mendes,-337.45,337.45,0,111.4,111.4,1,0,111.4
Engenheiro Caldas,-429.09,429.09,0,18.16,18.16,1,0,18.16
Engenheiro Navarro,0,0,0,1822.2,1822.2,1,0,1822.2
Entre Folhas,18.17,18.17,1,2107.98,2107.98,1,18.17,2107.98
Entre Rios de Minas,19.62,19.62,1,243.3,243.3,1,19.62,243.3
Ervália,5.22,5.22,1,0.1,0.1,1,5.22,0.1
Esmeraldas,-122.66,122.66,0,1615.46,1615.46,1,0,1615.46
Espera Feliz,16.13,16.13,1,40.38,40.38,1,16.13,40.38
Espinosa,34.14,34.14,1,1221.29,1221.29,1,34.14,1221.29
Espírito Santo do Dourado,-21.41,21.41,0,42.8,42.8,1,0,42.8
Estiva,0,0,0,0,0,0,0,0
Estrela Dalva,0,0,0,0,0,0,0,0
Estrela do Indaiá,503.02,503.02,1,633.14,633.14,1,503.02,633.14
Estrela do Sul,87.71,87.71,1,693.54,693.54,1,87.71,693.54
Eugenópolis,8.4,8.4,1,740.2,740.2,1,8.4,740.2
Ewbank da Câmara,0,0,0,128.07,128.07,1,0,128.07
Extrema,-6.16,6.16,0,8.37,8.37,1,0,8.37
Fama,-165.19,165.19,0,127.73,127.73,1,0,127.73
Faria Lemos,0,0,0,30.66,30.66,1,0,30.66
Felício dos Santos,0,0,0,104.08,104.08,1,0,104.08
Felisburgo,-41.05,41.05,0,27.03,27.03,1,0,27.03
Felixlândia,-87.66,87.66,0,6242.48,6242.48,1,0,6242.48
Fernandes Tourinho,-151.92,151.92,0,206.03,206.03,1,0,206.03
Ferros,9.75,9.75,1,91.39,91.39,1,9.75,91.39
Fervedouro,-18.29,18.29,0,410.7,410.7,1,0,410.7
Florestal,-250.19,250.19,0,3668.94,3668.94,1,0,3668.94
Formiga,5.64,5.64,1,1004.41,1004.41,1,5.64,1004.41
Formoso,-22.06,22.06,0,561.98,561.98,1,0,561.98
Fortaleza de Minas,45.38,45.38,1,1573.04,1573.04,1,45.38,1573.04
Fortuna de Minas,68.21,68.21,1,820.07,820.07,1,68.21,820.07
Francisco Badaró,9.47,9.47,1,2011.22,2011.22,1,9.47,2011.22
Francisco Dumont,19.18,19.18,1,3624.54,3624.54,1,19.18,3624.54
Francisco Sá,55.97,55.97,1,1502.55,1502.55,1,55.97,1502.55
Franciscópolis,-86.81,86.81,0,74.18,74.18,1,0,74.18
Frei Gaspar,-132.7,132.7,0,17.35,17.35,1,0,17.35
Frei Inocêncio,-84.33,84.33,0,31.4,31.4,1,0,31.4
Frei Lagonegro,0,0,0,317.09,317.09,1,0,317.09
Fronteira,61.31,61.31,1,2339.51,2339.51,1,61.31,2339.51
Fronteira dos Vales,-105.08,105.08,0,22.34,22.34,1,0,22.34
Fruta de Leite,17.52,17.52,1,1489.56,1489.56,1,17.52,1489.56
Frutal,23.43,23.43,1,2731.78,2731.78,1,23.43,2731.78
Funilândia,-0.9,0.9,0,4042.46,4042.46,1,0,4042.46
Galiléia,-226.43,226.43,0,-13.43,13.43,0,0,0
Gameleiras,876.86,876.86,1,2617.87,2617.87,1,876.86,2617.87
Glaucilândia,314.33,314.33,1,2268.15,2268.15,1,314.33,2268.15
Goiabeira,690.65,690.65,1,-691.1,691.1,0,690.65,0
Goianá,75.91,75.91,1,1116.98,1116.98,1,75.91,1116.98
Gonçalves,0,0,0,0,0,0,0,0
Gonzaga,-242.4,242.4,0,455.66,455.66,1,0,455.66
Gouvêa,8.27,8.27,1,1251.22,1251.22,1,8.27,1251.22
Governador Valadares,-995.26,995.26,0,48.18,48.18,1,0,48.18
Grão Mogol,0,0,0,1064.71,1064.71,1,0,1064.71
Grupiara,-282.49,282.49,0,7343.41,7343.41,1,0,7343.41
Guanhães,-0.22,0.22,0,67.54,67.54,1,0,67.54
Guapé,-6.94,6.94,0,309.14,309.14,1,0,309.14
Guaraciaba,18.97,18.97,1,-18.97,18.97,0,18.97,0
Guaraciama,1578.89,1578.89,1,883.92,883.92,1,1578.89,883.92
Guaranésia,-51.72,51.72,0,1729.4,1729.4,1,0,1729.4
Guarani,596.8,596.8,1,3121.32,3121.32,1,596.8,3121.32
Guarará,0.16,0.16,1,184.14,184.14,1,0.16,184.14
Guarda-Mor,178.16,178.16,1,6362.06,6362.06,1,178.16,6362.06
Guaxupé,5.41,5.41,1,164.77,164.77,1,5.41,164.77
Guidoval,1068.7,1068.7,1,-1066.99,1066.99,0,1068.7,0
Guimarânia,-103.37,103.37,0,2057.32,2057.32,1,0,2057.32
Guiricema,1193.71,1193.71,1,-1109.45,1109.45,0,1193.71,0
Gurinhatã,-323.42,323.42,0,373.14,373.14,1,0,373.14
Heliodora,-30.81,30.81,0,0,0,0,0,0
Iapu,-28.07,28.07,0,9.69,9.69,1,0,9.69
Ibertioga,-38.79,38.79,0,0,0,0,0,0
Ibiá,-8.38,8.38,0,451.43,451.43,1,0,451.43
Ibiaí,23.68,23.68,1,1868.25,1868.25,1,23.68,1868.25
Ibiracatu,-1801.49,1801.49,0,785.35,785.35,1,0,785.35
Ibiraci,-0.9,0.9,0,401.48,401.48,1,0,401.48
Ibirité,-4.23,4.23,0,2974.29,2974.29,1,0,2974.29
Ibitiúra de Minas,0,0,0,0,0,0,0,0
Ibituruna,0,0,0,0,0,0,0,0
Icaraí de Minas,312.48,312.48,1,32.49,32.49,1,312.48,32.49
Igarapé,-103.66,103.66,0,5481.73,5481.73,1,0,5481.73
Igaratinga,63.96,63.96,1,632.54,632.54,1,63.96,632.54
Iguatama,220.33,220.33,1,4961.63,4961.63,1,220.33,4961.63
Ijaci,-47.53,47.53,0,107.82,107.82,1,0,107.82
Ilicínea,-0.1,0.1,0,40.68,40.68,1,0,40.68
Imbé de Minas,-15.62,15.62,0,15,15,1,0,15
Inconfidentes,-55,55,0,137.16,137.16,1,0,137.16
Indaiabira,-13.28,13.28,0,652.2,652.2,1,0,652.2
Indianópolis,29.39,29.39,1,1449.6,1449.6,1,29.39,1449.6
Ingaí,-36.18,36.18,0,0,0,0,0,0
Inhapim,-442.88,442.88,0,17.22,17.22,1,0,17.22
Inhaúma,-49.35,49.35,0,2504.91,2504.91,1,0,2504.91
Inimutaba,-67.76,67.76,0,1339.27,1339.27,1,0,1339.27
Ipaba,23.49,23.49,1,-637.63,637.63,0,23.49,0
Ipanema,-0.07,0.07,0,314.45,314.45,1,0,314.45
Ipatinga,177.51,177.51,1,-500.86,500.86,0,177.51,0
Ipiaçu,-70.97,70.97,0,2516.64,2516.64,1,0,2516.64
Ipuiúna,9.88,9.88,1,29.96,29.96,1,9.88,29.96
Iraí de Minas,14.18,14.18,1,619.34,619.34,1,14.18,619.34
Itabira,-40.29,40.29,0,29.39,29.39,1,0,29.39
Itabirinha de Mantena,-175.95,175.95,0,61.16,61.16,1,0,61.16
Itabirito,-14.27,14.27,0,122.76,122.76,1,0,122.76
Itacambira,0,0,0,186.81,186.81,1,0,186.81
Itacarambi,43.32,43.32,1,1621.54,1621.54,1,43.32,1621.54
Itaguara,-60.83,60.83,0,2470.28,2470.28,1,0,2470.28
Itaipé,-0.09,0.09,0,0.03,0.03,1,0,0.03
Itajubá,4.06,4.06,1,32.23,32.23,1,4.06,32.23
Itamarandiba,-32.18,32.18,0,156.42,156.42,1,0,156.42
Itamarati de Minas,0,0,0,0,0,0,0,0
Itambacuri,-2005.77,2005.77,0,1049.04,1049.04,1,0,1049.04
Itambé do Mato Dentro,0,0,0,0,0,0,0,0
Itamogi,0,0,0,68.43,68.43,1,0,68.43
Itamonte,-26.43,26.43,0,19.43,19.43,1,0,19.43
Itanhandu,-13.32,13.32,0,13.15,13.15,1,0,13.15
Itanhomi,-56.79,56.79,0,-16.14,16.14,0,0,0
Itaobim,-23.19,23.19,0,4.74,4.74,1,0,4.74
Itapagipe,-671.37,671.37,0,827.3,827.3,1,0,827.3
Itapecerica,53.96,53.96,1,269.05,269.05,1,53.96,269.05
Itapeva,-0.2,0.2,0,-0.07,0.07,0,0,0
Itatiaiuçu,18.04,18.04,1,5173.37,5173.37,1,18.04,5173.37
Itaú de Minas,30.22,30.22,1,949.62,949.62,1,30.22,949.62
Itaúna,1.92,1.92,1,529.41,529.41,1,1.92,529.41
Itaverava,17.57,17.57,1,73.84,73.84,1,17.57,73.84
Itinga,-391.79,391.79,0,40.12,40.12,1,0,40.12
Itueta,-0.09,0.09,0,2484.07,2484.07,1,0,2484.07
Ituiutaba,430,430,1,933.97,933.97,1,430,933.97
Itumirim,-16.03,16.03,0,16.53,16.53,1,0,16.53
Iturama,55.49,55.49,1,668.52,668.52,1,55.49,668.52
Itutinga,25.47,25.47,1,53.29,53.29,1,25.47,53.29
Jaboticatubas,-48.17,48.17,0,2809.39,2809.39,1,0,2809.39
Jacinto,174.62,174.62,1,-356.6,356.6,0,174.62,0
Jacuí,0,0,0,26.04,26.04,1,0,26.04
Jacutinga,-4.01,4.01,0,35.04,35.04,1,0,35.04
Jaguaraçu,60.88,60.88,1,-347.63,347.63,0,60.88,0
Jaíba,15.62,15.62,1,56.98,56.98,1,15.62,56.98
Jampruca,-224.02,224.02,0,-18.47,18.47,0,0,0
Janaúba,1842.07,1842.07,1,-894.95,894.95,0,1842.07,0
Januária,8.65,8.65,1,1381.5,1381.5,1,8.65,1381.5
Japaraíba,394.61,394.61,1,1737.98,1737.98,1,394.61,1737.98
Japonvar,-798.86,798.86,0,4910.54,4910.54,1,0,4910.54
Jeceaba,115.8,115.8,1,4692.59,4692.59,1,115.8,4692.59
Jenipapo de Minas,0,0,0,52.32,52.32,1,0,52.32
Jequeri,-15.45,15.45,0,152.49,152.49,1,0,152.49
Jequitaí,-75.24,75.24,0,1711.2,1711.2,1,0,1711.2
Jequitibá,18.8,18.8,1,3605.36,3605.36,1,18.8,3605.36
Jequitinhonha,-63.11,63.11,0,3.99,3.99,1,0,3.99
Jesuânia,-20.41,20.41,0,0,0,0,0,0
Joaíma,-269.89,269.89,0,0,0,0,0,0
Joanésia,424.34,424.34,1,-474.87,474.87,0,424.34,0
João Monlevade,-24.31,24.31,0,1264.72,1264.72,1,0,1264.72
João Pinheiro,373.18,373.18,1,2882.42,2882.42,1,373.18,2882.42
Joaquim Felício,-43.41,43.41,0,1737.45,1737.45,1,0,1737.45
Jordânia,-36.95,36.95,0,9.28,9.28,1,0,9.28
José Gonçalves de Minas,0,0,0,2369.35,2369.35,1,0,2369.35
José Raydan,20.43,20.43,1,101.08,101.08,1,20.43,101.08
Josenópolis,0,0,0,61.93,61.93,1,0,61.93
Juatuba,-185.54,185.54,0,4767.31,4767.31,1,0,4767.31
Juiz de Fora,8.44,8.44,1,361.48,361.48,1,8.44,361.48
Juramento,0,0,0,2710.84,2710.84,1,0,2710.84
Juruaia,-59.67,59.67,0,38.13,38.13,1,0,38.13
Juvenília,273.04,273.04,1,250.25,250.25,1,273.04,250.25
Ladainha,-261.46,261.46,0,0,0,0,0,0
Lagamar,0.01,0.01,1,1744.09,1744.09,1,0.01,1744.09
Lagoa da Prata,1052.26,1052.26,1,1726.22,1726.22,1,1052.26,1726.22
Lagoa dos Patos,-23.14,23.14,0,583.38,583.38,1,0,583.38
Lagoa Dourada,7.59,7.59,1,69.6,69.6,1,7.59,69.6
Lagoa Formosa,-44.35,44.35,0,1739.76,1739.76,1,0,1739.76
Lagoa Grande,1577.56,1577.56,1,2176.55,2176.55,1,1577.56,2176.55
Lagoa Santa,8.32,8.32,1,5398.08,5398.08,1,8.32,5398.08
Lajinha,-4.98,4.98,0,150.91,150.91,1,0,150.91
Lambari,-9.77,9.77,0,4.9,4.9,1,0,4.9
Lamim,-28.37,28.37,0,382.69,382.69,1,0,382.69
Laranjal,-29.53,29.53,0,44.35,44.35,1,0,44.35
Lassance,75.03,75.03,1,2425.18,2425.18,1,75.03,2425.18
Lavras,-25.09,25.09,0,202.43,202.43,1,0,202.43
Leandro Ferreira,30.29,30.29,1,1331.29,1331.29,1,30.29,1331.29
Leme do Prado,-581.98,581.98,0,590.03,590.03,1,0,590.03
Leopoldina,-13.36,13.36,0,149.24,149.24,1,0,149.24
Liberdade,-37.41,37.41,0,19.57,19.57,1,0,19.57
Lima Duarte,-0.05,0.05,0,707.98,707.98,1,0,707.98
Limeira do Oeste,-1.31,1.31,0,588.23,588.23,1,0,588.23
Lontra,21.73,21.73,1,2975.35,2975.35,1,21.73,2975.35
Luisburgo,-15.61,15.61,0,15.94,15.94,1,0,15.94
Luislândia,-402.79,402.79,0,3338.99,3338.99,1,0,3338.99
Luminárias,-1023.16,1023.16,0,568.39,568.39,1,0,568.39
Luz,162.91,162.91,1,3672.8,3672.8,1,162.91,3672.8
Machacalis,-96.97,96.97,0,182.84,182.84,1,0,182.84
Machado,-9.73,9.73,0,38.25,38.25,1,0,38.25
Madre de Deus de Minas,0,0,0,0,0,0,0,0
Malacacheta,-41.68,41.68,0,64.3,64.3,1,0,64.3
Mamonas,1479.32,1479.32,1,-836.05,836.05,0,1479.32,0
Manga,749.09,749.09,1,-380.85,380.85,0,749.09,0
Manhuaçu,-4.77,4.77,0,258.75,258.75,1,0,258.75
Manhumirim,0,0,0,190.2,190.2,1,0,190.2
Mantena,188.33,188.33,1,289.61,289.61,1,188.33,289.61
Mar de Espanha,-23.97,23.97,0,345.78,345.78,1,0,345.78
Maravilhas,88.23,88.23,1,5958.56,5958.56,1,88.23,5958.56
Maria da Fé,20.71,20.71,1,-6.56,6.56,0,20.71,0
Mariana,18.23,18.23,1,204.39,204.39,1,18.23,204.39
Marilac,-23.27,23.27,0,2516.4,2516.4,1,0,2516.4
Mário Campos,-76.05,76.05,0,7200.15,7200.15,1,0,7200.15
Maripá de Minas,67.14,67.14,1,68.04,68.04,1,67.14,68.04
Marliéria,2155.43,2155.43,1,-2128.21,2128.21,0,2155.43,0
Marmelópolis,0,0,0,0,0,0,0,0
Martinho Campos,123.94,123.94,1,5209.55,5209.55,1,123.94,5209.55
Martins Soares,0,0,0,325.34,325.34,1,0,325.34
Mata Verde,-0.16,0.16,0,-11.71,11.71,0,0,0
Materlândia,21.65,21.65,1,2008.69,2008.69,1,21.65,2008.69
Mateus Leme,-37.21,37.21,0,4168.93,4168.93,1,0,4168.93
Mathias Lobato,-88.94,88.94,0,30.99,30.99,1,0,30.99
Matias Barbosa,-7,7,0,111.23,111.23,1,0,111.23
Matias Cardoso,17.89,17.89,1,1547.34,1547.34,1,17.89,1547.34
Matipó,-5.34,5.34,0,175.46,175.46,1,0,175.46
Mato Verde,740.22,740.22,1,1249.95,1249.95,1,740.22,1249.95
Matozinhos,4.95,4.95,1,3159.5,3159.5,1,4.95,3159.5
Matutina,26,26,1,80.44,80.44,1,26,80.44
Medeiros,0,0,0,344.74,344.74,1,0,344.74
Medina,-1766.16,1766.16,0,19.16,19.16,1,0,19.16
Mendes Pimentel,0,0,0,0,0,0,0,0
Mercês,-0.05,0.05,0,391.92,391.92,1,0,391.92
Mesquita,69.06,69.06,1,-151.53,151.53,0,69.06,0
Minas Novas,-0.03,0.03,0,76.42,76.42,1,0,76.42
Minduri,0,0,0,0,0,0,0,0
Mirabela,619.22,619.22,1,3740.2,3740.2,1,619.22,3740.2
Miradouro,110.6,110.6,1,-17.26,17.26,0,110.6,0
Miraí,59.96,59.96,1,-53.47,53.47,0,59.96,0
Miravânia,40.94,40.94,1,4155.73,4155.73,1,40.94,4155.73
Moeda,-40.78,40.78,0,428.44,428.44,1,0,428.44
Moema,850.23,850.23,1,-810.23,810.23,0,850.23,0
Monjolos,-465.4,465.4,0,1347.63,1347.63,1,0,1347.63
Monsenhor Paulo,-1043.34,1043.34,0,0.17,0.17,1,0,0.17
Montalvânia,1322.26,1322.26,1,-1213.27,1213.27,0,1322.26,0
Monte Alegre de Minas,-518.76,518.76,0,452.77,452.77,1,0,452.77
Monte Azul,105.72,105.72,1,1274.75,1274.75,1,105.72,1274.75
Monte Belo,-29.76,29.76,0,1024.44,1024.44,1,0,1024.44
Monte Carmelo,-200.48,200.48,0,1265.02,1265.02,1,0,1265.02
Monte Formoso,0,0,0,0,0,0,0,0
Monte Santo de Minas,4.53,4.53,1,316.13,316.13,1,4.53,316.13
Monte Sião,4.27,4.27,1,564.27,564.27,1,4.27,564.27
Montes Claros,33.05,33.05,1,739.94,739.94,1,33.05,739.94
Montezuma,0,0,0,867.97,867.97,1,0,867.97
Morada Nova de Minas,111.02,111.02,1,1374.1,1374.1,1,111.02,1374.1
Morro da Garça,-38.02,38.02,0,2532.15,2532.15,1,0,2532.15
Morro do Pilar,89.85,89.85,1,-27.56,27.56,0,89.85,0
Munhoz,0,0,0,0,0,0,0,0
Muriaé,44.9,44.9,1,576.82,576.82,1,44.9,576.82
Mutum,-130.96,130.96,0,74.37,74.37,1,0,74.37
Muzambinho,-4.76,4.76,0,63.22,63.22,1,0,63.22
Nacip Raydan,0,0,0,0,0,0,0,0
Nanuque,-341.85,341.85,0,44.47,44.47,1,0,44.47
Naque,230.43,230.43,1,-202.09,202.09,0,230.43,0
Natalândia,-29.59,29.59,0,875.08,875.08,1,0,875.08
Natércia,0,0,0,0,0,0,0,0
Nazareno,0,0,0,58.45,58.45,1,0,58.45
Nepomuceno,7.18,7.18,1,2408,2408,1,7.18,2408
Ninheira,-0.07,0.07,0,0.1,0.1,1,0,0.1
Nova Belém,29.62,29.62,1,3.72,3.72,1,29.62,3.72
Nova Era,-11.11,11.11,0,159.28,159.28,1,0,159.28
Nova Lima,-130.52,130.52,0,545.2,545.2,1,0,545.2
Nova Módica,0,0,0,82.71,82.71,1,0,82.71
Nova Ponte,85.39,85.39,1,795.24,795.24,1,85.39,795.24
Nova Porteirinha,1268.2,1268.2,1,492.01,492.01,1,1268.2,492.01
Nova Resende,-6.16,6.16,0,24.09,24.09,1,0,24.09
Nova Serrana,608.13,608.13,1,2386.14,2386.14,1,608.13,2386.14
Nova União,16.79,16.79,1,1278.48,1278.48,1,16.79,1278.48
Novo Cruzeiro,-72.32,72.32,0,6.38,6.38,1,0,6.38
Novo Oriente de Minas,-9.31,9.31,0,9.44,9.44,1,0,9.44
Novorizonte,0,0,0,227.57,227.57,1,0,227.57
Olaria,-52.27,52.27,0,56.34,56.34,1,0,56.34
Olhos-d'Água,-0.79,0.79,0,597.79,597.79,1,0,597.79
Olímpio Noronha,0,0,0,0,0,0,0,0
Oliveira,-19.33,19.33,0,301.09,301.09,1,0,301.09
Oliveira Fortes,0,0,0,0,0,0,0,0
Onça de Pitangui,-0.13,0.13,0,573,573,1,0,573
Oratórios,0,0,0,215.19,215.19,1,0,215.19
Orizânia,0,0,0,25.14,25.14,1,0,25.14
Ouro Branco,10.23,10.23,1,263.23,263.23,1,10.23,263.23
Ouro Fino,8.9,8.9,1,17.98,17.98,1,8.9,17.98
Ouro Preto,-9.5,9.5,0,109.51,109.51,1,0,109.51
Ouro Verde de Minas,-81.54,81.54,0,50.81,50.81,1,0,50.81
Padre Carvalho,-0.22,0.22,0,4406.2,4406.2,1,0,4406.2
Padre Paraíso,-281.12,281.12,0,-14.53,14.53,0,0,0
Pai Pedro,274.68,274.68,1,1320.5,1320.5,1,274.68,1320.5
Paineiras,150.79,150.79,1,1491.59,1491.59,1,150.79,1491.59
Pains,47.39,47.39,1,1525.15,1525.15,1,47.39,1525.15
Paiva,0,0,0,0,0,0,0,0
Palma,-0.01,0.01,0,-14.81,14.81,0,0,0
Palmópolis,0,0,0,0,0,0,0,0
Papagaios,25.26,25.26,1,1930.03,1930.03,1,25.26,1930.03
Pará de Minas,-159.5,159.5,0,1967.66,1967.66,1,0,1967.66
Paracatu,-60.66,60.66,0,2116.15,2116.15,1,0,2116.15
Paraguaçu,9.27,9.27,1,14.07,14.07,1,9.27,14.07
Paraisópolis,-9.72,9.72,0,0.01,0.01,1,0,0.01
Paraopeba,-146.14,146.14,0,410.41,410.41,1,0,410.41
Passa Quatro,24.29,24.29,1,-12.02,12.02,0,24.29,0
Passa Tempo,-23.95,23.95,0,295.86,295.86,1,0,295.86
Passa Vinte,0,0,0,0,0,0,0,0
Passabém,0,0,0,0,0,0,0,0
Passos,19.58,19.58,1,2387.44,2387.44,1,19.58,2387.44
Patis,16.73,16.73,1,1649.38,1649.38,1,16.73,1649.38
Patos de Minas,-310.71,310.71,0,2738.15,2738.15,1,0,2738.15
Patrocínio,47.05,47.05,1,2147.85,2147.85,1,47.05,2147.85
Patrocínio do Muriaé,-17.8,17.8,0,1539.28,1539.28,1,0,1539.28
Paula Cândido,0,0,0,10.46,10.46,1,0,10.46
Paulistas,0,0,0,309.34,309.34,1,0,309.34
Pavão,0,0,0,0,0,0,0,0
Peçanha,0,0,0,0,0,0,0,0
Pedra Azul,-388.95,388.95,0,49.49,49.49,1,0,49.49
Pedra Bonita,-14.18,14.18,0,14.15,14.15,1,0,14.15
Pedra do Anta,61.16,61.16,1,-28.9,28.9,0,61.16,0
Pedra do Indaiá,-0.08,0.08,0,252.36,252.36,1,0,252.36
Pedra Dourada,40.78,40.78,1,-40.78,40.78,0,40.78,0
Pedralva,-25.81,25.81,0,0,0,0,0,0
Pedras de Maria da Cruz,8.78,8.78,1,541.29,541.29,1,8.78,541.29
Pedrinópolis,27.23,27.23,1,2620.32,2620.32,1,27.23,2620.32
Pedro Leopoldo,-36.73,36.73,0,1417.18,1417.18,1,0,1417.18
Pedro Teixeira,0,0,0,165.93,165.93,1,0,165.93
Pequeri,59.76,59.76,1,786.16,786.16,1,59.76,786.16
Pequi,1204.53,1204.53,1,5074.47,5074.47,1,1204.53,5074.47
Perdigão,-46.01,46.01,0,1593.54,1593.54,1,0,1593.54
Perdizes,18.61,18.61,1,255.94,255.94,1,18.61,255.94
Perdões,-4.89,4.89,0,1714.48,1714.48,1,0,1714.48
Periquito,-56.31,56.31,0,0,0,0,0,0
Pescador,-512.66,512.66,0,94.92,94.92,1,0,94.92
Piau,-34.21,34.21,0,654.78,654.78,1,0,654.78
Piedade de Caratinga,10.31,10.31,1,-49.01,49.01,0,10.31,0
Piedade de Ponte Nova,308.57,308.57,1,343.6,343.6,1,308.57,343.6
Piedade do Rio Grande,0,0,0,44.17,44.17,1,0,44.17
Piedade dos Gerais,-20.3,20.3,0,444,444,1,0,444
Pimenta,-34.92,34.92,0,7230.11,7230.11,1,0,7230.11
Pingo d'Água,-439.23,439.23,0,-41.04,41.04,0,0,0
Pintópolis,-26.53,26.53,0,1281.71,1281.71,1,0,1281.71
Piracema,0,0,0,1074.6,1074.6,1,0,1074.6
Pirajuba,-33.25,33.25,0,3560,3560,1,0,3560
Piranga,16.7,16.7,1,28.95,28.95,1,16.7,28.95
Piranguçu,18.01,18.01,1,-17.94,17.94,0,18.01,0
Piranguinho,0,0,0,81.87,81.87,1,0,81.87
Pirapetinga,18.39,18.39,1,9.57,9.57,1,18.39,9.57
Pirapora,8.61,8.61,1,1434.25,1434.25,1,8.61,1434.25
Piraúba,2166.32,2166.32,1,1563.2,1563.2,1,2166.32,1563.2
Pitangui,35.81,35.81,1,2132.85,2132.85,1,35.81,2132.85
Piuí,139,139,1,432.72,432.72,1,139,432.72
Planura,319.82,319.82,1,2392.09,2392.09,1,319.82,2392.09
Poço Fundo,5.92,5.92,1,0.06,0.06,1,5.92,0.06
Poços de Caldas,1.15,1.15,1,7.22,7.22,1,1.15,7.22
Pocrane,0,0,0,1633.76,1633.76,1,0,1633.76
Pompéu,-75.01,75.01,0,1637.04,1637.04,1,0,1637.04
Ponte Nova,33.13,33.13,1,169.87,169.87,1,33.13,169.87
Ponto Chique,986.15,986.15,1,217.53,217.53,1,986.15,217.53
Ponto dos Volantes,-33.45,33.45,0,0.1,0.1,1,0,0.1
Porteirinha,-1017.68,1017.68,0,144.23,144.23,1,0,144.23
Porto Firme,35.57,35.57,1,26.89,26.89,1,35.57,26.89
Poté,-127.46,127.46,0,-17.98,17.98,0,0,0
Pouso Alegre,-2.19,2.19,0,30.17,30.17,1,0,30.17
Pouso Alto,16.17,16.17,1,17.27,17.27,1,16.17,17.27
Prados,0,0,0,356.39,356.39,1,0,356.39
Prata,-35.46,35.46,0,4667.17,4667.17,1,0,4667.17
Pratápolis,-772.68,772.68,0,1122.43,1122.43,1,0,1122.43
Pratinha,-28.88,28.88,0,-0.03,0.03,0,0,0
Presidente Bernardes,35.96,35.96,1,56.67,56.67,1,35.96,56.67
Presidente Juscelino,-51.61,51.61,0,2584.33,2584.33,1,0,2584.33
Presidente Kubitschek,0,0,0,332.89,332.89,1,0,332.89
Presidente Olegário,61.16,61.16,1,2668.93,2668.93,1,61.16,2668.93
Prudente de Morais,-1.37,1.37,0,931.04,931.04,1,0,931.04
Quartel Geral,27.79,27.79,1,395.49,395.49,1,27.79,395.49
Queluzita,102.15,102.15,1,156.38,156.38,1,102.15,156.38
Raposos,-92.66,92.66,0,196.76,196.76,1,0,196.76
Raul Soares,8.23,8.23,1,126.64,126.64,1,8.23,126.64
Recreio,-271.94,271.94,0,523.6,523.6,1,0,523.6
Reduto,0,0,0,225.19,225.19,1,0,225.19
Resende Costa,0,0,0,69.81,69.81,1,0,69.81
Resplendor,-215.15,215.15,0,93.2,93.2,1,0,93.2
Ressaquinha,0,0,0,0,0,0,0,0
Riachinho,-882.32,882.32,0,4719.05,4719.05,1,0,4719.05
Riacho dos Machados,31.01,31.01,1,243.24,243.24,1,31.01,243.24
Ribeirão das Neves,-91.59,91.59,0,2968.4,2968.4,1,0,2968.4
Ribeirão Vermelho,0,0,0,273.7,273.7,1,0,273.7
Rio Acima,-20.95,20.95,0,1077.81,1077.81,1,0,1077.81
Rio Casca,-13.87,13.87,0,242.33,242.33,1,0,242.33
Rio do Prado,37.72,37.72,1,59.05,59.05,1,37.72,59.05
Rio Doce,-38.46,38.46,0,38.48,38.48,1,0,38.48
Rio Espera,34.33,34.33,1,722.56,722.56,1,34.33,722.56
Rio Manso,69.01,69.01,1,1711.77,1711.77,1,69.01,1711.77
Rio Novo,-199.1,199.1,0,940.37,940.37,1,0,940.37
Rio Paranaíba,-32.39,32.39,0,488.5,488.5,1,0,488.5
Rio Pardo de Minas,3.16,3.16,1,55.31,55.31,1,3.16,55.31
Rio Piracicaba,6.84,6.84,1,369.57,369.57,1,6.84,369.57
Rio Pomba,-23.32,23.32,0,1838.41,1838.41,1,0,1838.41
Rio Preto,0,0,0,18.29,18.29,1,0,18.29
Rio Vermelho,-7.35,7.35,0,933.86,933.86,1,0,933.86
Ritápolis,41.37,41.37,1,109.23,109.23,1,41.37,109.23
Rochedo de Minas,87.22,87.22,1,568.09,568.09,1,87.22,568.09
Rodeiro,1944.6,1944.6,1,-1223.2,1223.2,0,1944.6,0
Romaria,54.99,54.99,1,3357.2,3357.2,1,54.99,3357.2
Rosário da Limeira,-22.37,22.37,0,21.97,21.97,1,0,21.97
Rubelita,29.46,29.46,1,567.51,567.51,1,29.46,567.51
Rubim,-29.04,29.04,0,19.56,19.56,1,0,19.56
Sabará,-92.2,92.2,0,3020.7,3020.7,1,0,3020.7
Sabinópolis,6.28,6.28,1,77.46,77.46,1,6.28,77.46
Sacramento,191.55,191.55,1,942.79,942.79,1,191.55,942.79
Salinas,-0.06,0.06,0,1189.93,1189.93,1,0,1189.93
Salto da Divisa,-239.32,239.32,0,-42.09,42.09,0,0,0
Santa Bárbara,-0.39,0.39,0,32.37,32.37,1,0,32.37
Santa Bárbara do Leste,-37.01,37.01,0,24.65,24.65,1,0,24.65
Santa Bárbara do Monte Verde,0,0,0,32.08,32.08,1,0,32.08
Santa Bárbara do Tugúrio,0,0,0,0,0,0,0,0
Santa Cruz de Minas,11.04,11.04,1,327.87,327.87,1,11.04,327.87
Santa Cruz de Salinas,0,0,0,670.34,670.34,1,0,670.34
Santa Cruz do Escalvado,0,0,0,83.46,83.46,1,0,83.46
Santa Efigênia de Minas,-21.47,21.47,0,45.8,45.8,1,0,45.8
Santa Fé de Minas,-74.53,74.53,0,4243.65,4243.65,1,0,4243.65
Santa Helena de Minas,108.97,108.97,1,-45.85,45.85,0,108.97,0
Santa Juliana,297.68,297.68,1,573.23,573.23,1,297.68,573.23
Santa Luzia,-7.98,7.98,0,1158.56,1158.56,1,0,1158.56
Santa Margarida,-12.51,12.51,0,6.21,6.21,1,0,6.21
Santa Maria de Itabira,9.09,9.09,1,-9.09,9.09,0,9.09,0
Santa Maria do Salto,0.04,0.04,1,-18.58,18.58,0,0.04,0
Santa Maria do Suaçuí,-20.18,20.18,0,444.6,444.6,1,0,444.6
Santa Rita de Caldas,0,0,0,22.29,22.29,1,0,22.29
Santa Rita de Jacutinga,0,0,0,20.39,20.39,1,0,20.39
Santa Rita de Minas,0,0,0,13.98,13.98,1,0,13.98
Santa Rita do Ibitipoca,84.13,84.13,1,-84.13,84.13,0,84.13,0
Santa Rita do Itueto,-139.4,139.4,0,54.33,54.33,1,0,54.33
Santa Rita do Sapucaí,-2.47,2.47,0,88.87,88.87,1,0,88.87
Santa Rosa da Serra,-118.76,118.76,0,119.65,119.65,1,0,119.65
Santa Vitória,215.16,215.16,1,561.96,561.96,1,215.16,561.96
Santana da Vargem,82.1,82.1,1,129.61,129.61,1,82.1,129.61
Santana de Cataguases,-52.41,52.41,0,26.11,26.11,1,0,26.11
Santana de Pirapama,-62.25,62.25,0,792.62,792.62,1,0,792.62
Santana do Deserto,0,0,0,176.28,176.28,1,0,176.28
Santana do Garambéu,0,0,0,0,0,0,0,0
Santana do Jacaré,61.72,61.72,1,0.69,0.69,1,61.72,0.69
Santana do Manhuaçu,-11.31,11.31,0,11.52,11.52,1,0,11.52
Santana do Paraíso,1222.4,1222.4,1,-1305.39,1305.39,0,1222.4,0
Santana do Riacho,-71.63,71.63,0,1755.53,1755.53,1,0,1755.53
Santana dos Montes,25.73,25.73,1,159.02,159.02,1,25.73,159.02
Santo Antônio do Amparo,5.39,5.39,1,531.66,531.66,1,5.39,531.66
Santo Antônio do Aventureiro,0,0,0,55.52,55.52,1,0,55.52
Santo Antônio do Grama,0,0,0,457.2,457.2,1,0,457.2
Santo Antônio do Itambé,-24.43,24.43,0,670.62,670.62,1,0,670.62
Santo Antônio do Jacinto,-174.82,174.82,0,9.21,9.21,1,0,9.21
Santo Antônio do Monte,10.49,10.49,1,741.48,741.48,1,10.49,741.48
Santo Antônio do Retiro,0,0,0,454.8,454.8,1,0,454.8
Santo Antônio do Rio Abaixo,55.16,55.16,1,-55.16,55.16,0,55.16,0
Santo Hipólito,-122.96,122.96,0,1544.99,1544.99,1,0,1544.99
Santos Dumont,-2.11,2.11,0,25.82,25.82,1,0,25.82
São Bento Abade,-277.61,277.61,0,0,0,0,0,0
São Brás do Suaçuí,79.81,79.81,1,323.24,323.24,1,79.81,323.24
São Domingos das Dores,0,0,0,0,0,0,0,0
São Domingos do Prata,16.87,16.87,1,265.11,265.11,1,16.87,265.11
São Félix de Minas,28.95,28.95,1,-28.23,28.23,0,28.95,0
São Francisco,-294.62,294.62,0,1377.04,1377.04,1,0,1377.04
São Francisco de Paula,0,0,0,153.02,153.02,1,0,153.02
São Francisco de Sales,-17.03,17.03,0,2629.28,2629.28,1,0,2629.28
São Francisco do Glória,-38.87,38.87,0,81.82,81.82,1,0,81.82
São Geraldo,1072.92,1072.92,1,-789.06,789.06,0,1072.92,0
São Geraldo da Piedade,0,0,0,0,0,0,0,0
São Geraldo do Baixio,-52.16,52.16,0,0,0,0,0,0
São Gonçalo do Abaeté,-46.01,46.01,0,1285.2,1285.2,1,0,1285.2
São Gonçalo do Pará,-259.32,259.32,0,3632.71,3632.71,1,0,3632.71
São Gonçalo do Rio Abaixo,-28.5,28.5,0,452.91,452.91,1,0,452.91
São Gonçalo do Rio Preto,0,0,0,759.25,759.25,1,0,759.25
São Gonçalo do Sapucaí,-39.8,39.8,0,83.07,83.07,1,0,83.07
São Gotardo,-14.57,14.57,0,813.76,813.76,1,0,813.76
São João Batista do Glória,13.29,13.29,1,1066.65,1066.65,1,13.29,1066.65
São João da Lagoa,60.04,60.04,1,1839.57,1839.57,1,60.04,1839.57
São João da Mata,0,0,0,0,0,0,0,0
São João da Ponte,108.46,108.46,1,1447.2,1447.2,1,108.46,1447.2
São João das Missões,450.94,450.94,1,510.37,510.37,1,450.94,510.37
São João del Rei,15.15,15.15,1,577.02,577.02,1,15.15,577.02
São João do Manhuaçu,0,0,0,43.71,43.71,1,0,43.71
São João do Manteninha,-35.4,35.4,0,431.18,431.18,1,0,431.18
São João do Oriente,-25.02,25.02,0,-11.89,11.89,0,0,0
São João do Pacuí,250.23,250.23,1,729.49,729.49,1,250.23,729.49
São João do Paraíso,12.64,12.64,1,106.39,106.39,1,12.64,106.39
São João Evangelista,-6.23,6.23,0,500.6,500.6,1,0,500.6
São João Nepomuceno,-72.58,72.58,0,6570.31,6570.31,1,0,6570.31
São Joaquim de Bicas,-72.7,72.7,0,4549.47,4549.47,1,0,4549.47
São José da Barra,-123.8,123.8,0,501.97,501.97,1,0,501.97
São José da Lapa,65.09,65.09,1,1956.92,1956.92,1,65.09,1956.92
São José da Safira,-514.9,514.9,0,1762.89,1762.89,1,0,1762.89
São José da Varginha,165.49,165.49,1,585.47,585.47,1,165.49,585.47
São José do Alegre,0,0,0,23.91,23.91,1,0,23.91
São José do Divino,-101.42,101.42,0,232.86,232.86,1,0,232.86
São José do Goiabal,17.75,17.75,1,1540.74,1540.74,1,17.75,1540.74
São José do Jacuri,0,0,0,231.59,231.59,1,0,231.59
São José do Mantimento,0,0,0,0,0,0,0,0
São Lourenço,2.17,2.17,1,15.39,15.39,1,2.17,15.39
São Miguel do Anta,0,0,0,100.97,100.97,1,0,100.97
São Pedro da União,40.72,40.72,1,214.11,214.11,1,40.72,214.11
São Pedro do Suaçuí,0,0,0,548.1,548.1,1,0,548.1
São Pedro dos Ferros,-11.92,11.92,0,191.39,191.39,1,0,191.39
São Romão,-35.61,35.61,0,1753.99,1753.99,1,0,1753.99
São Roque de Minas,56.17,56.17,1,-56.13,56.13,0,56.17,0
São Sebastião da Bela Vista,0,0,0,0,0,0,0,0
São Sebastião da Vargem Alegre,66.53,66.53,1,-33.1,33.1,0,66.53,0
São Sebastião do Anta,46.74,46.74,1,586.07,586.07,1,46.74,586.07
São Sebastião do Maranhão,19.03,19.03,1,30.33,30.33,1,19.03,30.33
São Sebastião do Oeste,-0.75,0.75,0,478.33,478.33,1,0,478.33
São Sebastião do Paraíso,24.99,24.99,1,2384.75,2384.75,1,24.99,2384.75
São Sebastião do Rio Preto,0,0,0,0,0,0,0,0
São Sebastião do Rio Verde,-0.42,0.42,0,-44.46,44.46,0,0,0
São Tiago,-28.17,28.17,0,220.12,220.12,1,0,220.12
São Tomás de Aquino,13.12,13.12,1,3039.97,3039.97,1,13.12,3039.97
São Tomé das Letras,14.07,14.07,1,14.27,14.27,1,14.07,14.27
São Vicente de Minas,0,0,0,52.04,52.04,1,0,52.04
Sapucaí-Mirim,28.96,28.96,1,-43.8,43.8,0,28.96,0
Sardoá,-16.75,16.75,0,-0.09,0.09,0,0,0
Sarzedo,-61.71,61.71,0,5402.73,5402.73,1,0,5402.73
Sem-Peixe,36.02,36.02,1,-36.02,36.02,0,36.02,0
Senador Amaral,-0.06,0.06,0,-18.39,18.39,0,0,0
Senador Cortes,48.8,48.8,1,1445.97,1445.97,1,48.8,1445.97
Senador Firmino,152.77,152.77,1,-102.11,102.11,0,152.77,0
Senador José Bento,0,0,0,0,0,0,0,0
Senador Modestino Gonçalves,0,0,0,118.79,118.79,1,0,118.79
Senhora de Oliveira,33.94,33.94,1,35.19,35.19,1,33.94,35.19
Senhora do Porto,27.76,27.76,1,-27.76,27.76,0,27.76,0
Senhora dos Remédios,-9.45,9.45,0,57.41,57.41,1,0,57.41
Sericita,0,0,0,109.3,109.3,1,0,109.3
Seritinga,-0.26,0.26,0,-53.36,53.36,0,0,0
Serra Azul de Minas,0,0,0,23.29,23.29,1,0,23.29
Serra da Saudade,3.61,3.61,1,-492.61,492.61,0,3.61,0
Serra do Salitre,8.32,8.32,1,548.15,548.15,1,8.32,548.15
Serra dos Aimorés,-102.99,102.99,0,-68.11,68.11,0,0,0
Serrania,-13.01,13.01,0,-76.57,76.57,0,0,0
Serranópolis de Minas,41.44,41.44,1,21.34,21.34,1,41.44,21.34
Serranos,0,0,0,0,0,0,0,0
Serro,-4.67,4.67,0,219.32,219.32,1,0,219.32
Sete Lagoas,1.44,1.44,1,1572.3,1572.3,1,1.44,1572.3
Setubinha,-684.61,684.61,0,98.8,98.8,1,0,98.8
Silveirânia,-87.64,87.64,0,88.57,88.57,1,0,88.57
Silvianópolis,15.84,15.84,1,-15.84,15.84,0,15.84,0
Simão Pereira,0,0,0,0,0,0,0,0
Simonésia,5.09,5.09,1,15.39,15.39,1,5.09,15.39
Sobrália,0.15,0.15,1,18.48,18.48,1,0.15,18.48
Soledade de Minas,-49.55,49.55,0,16.36,16.36,1,0,16.36
Tabuleiro,-98.75,98.75,0,4854.59,4854.59,1,0,4854.59
Taiobeiras,-12.14,12.14,0,310.11,310.11,1,0,310.11
Taparuba,62.65,62.65,1,1573.33,1573.33,1,62.65,1573.33
Tapira,-22.02,22.02,0,21.23,21.23,1,0,21.23
Tapiraí,0,0,0,0,0,0,0,0
Taquaraçu de Minas,-49.63,49.63,0,2145.5,2145.5,1,0,2145.5
Tarumirim,-224.9,224.9,0,-26.82,26.82,0,0,0
Teixeiras,-8.51,8.51,0,34.47,34.47,1,0,34.47
Teófilo Otoni,-913.59,913.59,0,-1.34,1.34,0,0,0
Timóteo,453.2,453.2,1,-525.38,525.38,0,453.2,0
Tiradentes,-39.27,39.27,0,2371.29,2371.29,1,0,2371.29
Tiros,-29.11,29.11,0,152.93,152.93,1,0,152.93
Tocantins,786.34,786.34,1,1430.53,1430.53,1,786.34,1430.53
Tocos do Moji,-24.25,24.25,0,0,0,0,0,0
Toledo,-32.5,32.5,0,16.08,16.08,1,0,16.08
Tombos,11.4,11.4,1,159.31,159.31,1,11.4,159.31
Três Corações,-1301.39,1301.39,0,45.63,45.63,1,0,45.63
Três Marias,282.35,282.35,1,2879.33,2879.33,1,282.35,2879.33
Três Pontas,-343,343,0,2688.75,2688.75,1,0,2688.75
Tumiritinga,-286.3,286.3,0,-43.97,43.97,0,0,0
Tupaciguara,-51.88,51.88,0,131.7,131.7,1,0,131.7
Turmalina,-2699.24,2699.24,0,681.86,681.86,1,0,681.86
Turvolândia,0,0,0,59.9,59.9,1,0,59.9
Ubá,1367.35,1367.35,1,-1283.68,1283.68,0,1367.35,0
Ubaí,31.92,31.92,1,4516.45,4516.45,1,31.92,4516.45
Ubaporanga,31.65,31.65,1,-15.51,15.51,0,31.65,0
Uberaba,54.8,54.8,1,1431.3,1431.3,1,54.8,1431.3
Uberlândia,1.37,1.37,1,5273.1,5273.1,1,1.37,5273.1
Umburatiba,-73.34,73.34,0,76.16,76.16,1,0,76.16
Unaí,451.52,451.52,1,3282.77,3282.77,1,451.52,3282.77
União de Minas,67.39,67.39,1,764.98,764.98,1,67.39,764.98
Uruana de Minas,-239.84,239.84,0,1378.71,1378.71,1,0,1378.71
Urucânia,9.44,9.44,1,97.02,97.02,1,9.44,97.02
Urucuia,12.21,12.21,1,1854.81,1854.81,1,12.21,1854.81
Vargem Alegre,-105.49,105.49,0,-28.85,28.85,0,0,0
Vargem Bonita,0,0,0,370.71,370.71,1,0,370.71
Vargem Grande do Rio Pardo,0,0,0,60.16,60.16,1,0,60.16
Varginha,-273.94,273.94,0,25.26,25.26,1,0,25.26
Varjão de Minas,-15.58,15.58,0,932.88,932.88,1,0,932.88
Várzea da Palma,2.01,2.01,1,3614.69,3614.69,1,2.01,3614.69
Varzelândia,-2461.89,2461.89,0,2429.62,2429.62,1,0,2429.62
Vazante,192.33,192.33,1,3303.91,3303.91,1,192.33,3303.91
Verdelândia,249.07,249.07,1,-98.46,98.46,0,249.07,0
Veredinha,0,0,0,17.51,17.51,1,0,17.51
Veríssimo,50.57,50.57,1,5947.08,5947.08,1,50.57,5947.08
Vermelho Novo,0,0,0,0,0,0,0,0
Vespasiano,-3.85,3.85,0,1606.01,1606.01,1,0,1606.01
Viçosa,7.5,7.5,1,513.52,513.52,1,7.5,513.52
Vieiras,0,0,0,27.56,27.56,1,0,27.56
Virgem da Lapa,-0.01,0.01,0,72.8,72.8,1,0,72.8
Virgínia,0,0,0,0,0,0,0,0
Virginópolis,0,0,0,9.49,9.49,1,0,9.49
Virgolândia,17.97,17.97,1,259.57,259.57,1,17.97,259.57
Visconde do Rio Branco,1617.2,1617.2,1,-939.65,939.65,0,1617.2,0
Volta Grande,0,0,0,324.24,324.24,1,0,324.24
Wenceslau Braz,0,0,0,39.09,39.09,1,0,39.09