casos,p_rt1,p_inc100k,nivel
0,0,0,1
0,0,0,1
0,0,0,1
0,0,0,1
0,0,0,1
0,0,0,1
0,0,0,1
0,0,0,1
0,0,0,1
0,0,0,1
0,0,0,1
0,0,0,1
0,0,0,1
0,0,0,1
0,0,0,1
0,0,0,1
0,0,0,1
0,0,0,1
0,0,0,1
0,0,0,1
0,0,0,1
0,0,0,1
0,0,0,1
0,0,0,1
0,0,0,1
0,0,0,1
0,0,0,1
0,0,0,1
0,0,0,1
0,0,0,1
0,0,0,1
0,0,0,1
0,0,0,1
0,0,0,1
0,0,0,1
0,0,0,1
0,0,0,1
0,0,0,1
0,0,0,1
0,0,0,1
0,0,0,1
0,0,0,1
0,0,0,1
0,0,0,1
0,0,0,1
0,0,0,1
0,0,0,1
0,0,0,1
0,0,0,1
0,0,0,1
0,0,0,1
0,0,0,1
0,0,0,1
0,0,0,1
0,0,0,1
0,0,0,1
0,0,0,1
0,0,0,1
0,0,0,1
0,0,0,1
0,0,0,1
0,0,0,1
1,0,18,1
16,0,319,1
20,0,413,4
9,0,169,2
5,0,94,2
9,0,188,2
1,0,18,2
30,1,827,2
0,0,0,2
0,0,0,1
1,0,22,1
2,0,45,1
1,0,22,1
0,0,0,1
1,0,22,1
0,0,0,1
0,0,0,1
5,0,114,1
0,0,0,1
1,0,22,1
7,0,160,1
2,0,45,1
17,0,389,1
11,0,251,4
5,0,114,2
2,0,45,2
2,0,45,2
5,0,114,1
1,0,22,1
2,0,45,1
2,0,45,1
0,0,0,1
0,0,0,1
0,0,0,1
0,0,0,1
1,0,22,1
0,0,0,1
1,0,22,1
0,0,0,1
0,0,0,1
0,0,0,1
0,0,0,1
0,0,0,1
0,0,0,1
0,0,0,1
0,0,0,1
0,0,0,1
0,0,0,1
0,0,0,1
0,0,0,1
0,0,0,1
0,0,0,1
0,0,0,1
0,0,0,1
0,0,0,1
0,0,0,1
0,0,0,1
0,0,0,1
0,0,0,1
0,0,0,1
0,0,0,1
0,0,0,1
0,0,0,1
1,0,22,1
2,0,45,1
1,0,22,2
5,0,114,2
8,0,183,2
10,0,228,2
13,0,297,4
16,0,366,4
3,0,68,2
28,0,686,2
5,0,114,2
37,0,961,2
22,0,572,4
26,0,732,4
40,0,1235,4
27,0,892,4
4,0,137,2
0,0,0,1
0,0,0,1
0,0,0,1
0,0,0,1
0,0,0,1
0,0,0,1
0,0,0,1
0,0,0,1
0,0,0,1
0,0,0,1
0,0,0,1
0,0,0,1
0,0,0,1
0,0,0,1
0,0,0,1
0,0,0,1
0,0,0,1
0,0,0,1
0,0,0,1
0,0,0,1
0,0,0,1
0,0,0,1
0,0,0,1
0,0,0,1
0,0,0,1
0,0,0,1
0,0,0,1
0,0,0,1
0,0,0,1
0,0,0,1
0,0,0,1
0,0,0,1
0,0,0,1
0,0,0,1
0,0,0,1
0,0,0,1
0,0,0,1
0,0,0,1
0,0,0,1
0,0,0,1
0,0,0,1
0,0,0,1
0,0,0,1
0,0,0,1
0,0,0,1
0,0,0,1
0,0,0,1
0,0,0,1
0,0,0,1
0,0,0,1
0,0,0,1
0,0,0,1
0,0,0,1
0,0,0,1
0,0,0,1
0,0,0,1
0,0,0,1
0,0,0,1
0,0,0,1
0,0,0,1
0,0,0,1
3,0,114,1
0,0,0,1
0,0,0,1
0,0,0,1
8,0,306,1
4,0,153,1
3,0,114,1
5,0,229,1
8,0,382,1
7,0,421,4
0,0,0,1
0,0,0,1
0,0,0,1
0,0,0,1
0,0,0,1
0,0,0,1
0,0,0,1
0,0,0,1
0,0,0,1
0,0,0,1
1,0,9,1
0,0,0,1
1,0,9,1
1,0,9,1
3,0,28,1
3,0,28,1
1,0,9,1
0,0,0,1
0,0,0,1
0,0,0,1
0,0,0,1
0,0,0,1
0,0,0,1
0,0,0,1
0,0,0,1
0,0,0,1
0,0,0,1
0,0,0,1
0,0,0,1
0,0,0,1
0,0,0,1
0,0,0,1
0,0,0,1
0,0,0,1
0,0,0,1
0,0,0,1
0,0,0,1
0,0,0,1
0,0,0,1
0,0,0,1
0,0,0,1
0,0,0,1
0,0,0,1
0,0,0,1
0,0,0,1
0,0,0,1
2,0,18,1
0,0,0,1
0,0,0,1
0,0,0,1
0,0,0,1
0,0,0,1
0,0,0,1
0,0,0,1
5,0,47,1
3,0,28,1
10,0,94,1
8,0,75,1
8,0,75,1
8,0,75,1
4,0,37,1
3,0,28,1
6,0,56,1
9,0,84,1
14,0,141,1
9,0,84,1
10,0,103,1
34,0,396,4
36,0,453,4
8,0,103,4
5,0,66,2
0,0,0,1
0,0,0,1
0,0,0,1
0,0,0,1
0,0,0,1
0,0,0,1
0,0,0,1
0,0,0,1
1,0,21,1
1,0,21,1
0,0,0,1
1,0,21,1
0,0,0,1
2,0,42,1
0,0,0,1
0,0,0,1
1,0,21,1
0,0,0,1
0,0,0,1
0,0,0,1
0,0,0,1
0,0,0,1
0,0,0,1
0,0,0,1
0,0,0,1
1,0,21,1
1,0,21,1
0,0,0,1
0,0,0,1
0,0,0,1
0,0,0,1
0,0,0,1
0,0,0,1
0,0,0,1
0,0,0,1
0,0,0,1
0,0,0,1
0,0,0,1
0,0,0,1
1,0,21,1
2,0,42,1
0,0,0,1
1,0,21,1
0,0,0,1
0,0,0,1
0,0,0,1
0,0,0,1
1,0,21,1
0,0,0,1
0,0,0,1
0,0,0,1
0,0,0,1
0,0,0,1
0,0,0,1
1,0,21,1
1,0,21,1
0,0,0,1
1,0,21,1
1,0,21,1
2,0,42,1
1,0,21,1
2,0,42,1
5,0,107,1
1,0,21,1
3,0,64,1
7,0,150,1
15,0,364,1
2,0,42,1
22,0,621,1
12,0,364,4
3,0,85,2
0,0,0,1
0,0,0,1
0,0,0,1
1,0,4,1
1,0,4,1
0,0,0,1
1,0,4,1
1,0,4,1
0,0,0,1
1,0,4,1
1,0,4,1
0,0,0,1
1,0,4,1
0,0,0,1
0,0,0,1
1,0,4,1
0,0,0,1
0,0,0,1
0,0,0,1
0,0,0,1
0,0,0,1
0,0,0,1
0,0,0,1
0,0,0,1
0,0,0,1
0,0,0,1
0,0,0,1
0,0,0,1
0,0,0,1
0,0,0,1
0,0,0,1
0,0,0,1
0,0,0,1
0,0,0,1
0,0,0,1
0,0,0,1
0,0,0,1
0,0,0,1
0,0,0,1
0,0,0,1
0,0,0,1
0,0,0,1
0,0,0,1
0,0,0,1
0,0,0,1
0,0,0,1
1,0,4,1
0,0,0,1
0,0,0,1
0,0,0,1
0,0,0,1
0,0,0,1
0,0,0,1
0,0,0,1
2,0,8,1
4,0,16,1
6,0,24,1
1,0,4,1
9,0,36,1
4,0,16,1
10,0,40,1
4,0,16,1
12,0,49,1
22,0,94,4
97,1,454,4
104,1,503,4
99,0,495,4
93,0,495,4
76,0,430,4
77,0,491,4
38,0,286,4
0,0,0,1
0,0,0,1
0,0,0,1
0,0,0,1
0,0,0,1
0,0,0,1
0,0,0,1
0,0,0,1
0,0,0,1
0,0,0,1
0,0,0,1
0,0,0,1
0,0,0,1
0,0,0,1
0,0,0,1
0,0,0,1
0,0,0,1
0,0,0,1
0,0,0,1
0,0,0,1
0,0,0,1
0,0,0,1
0,0,0,1
0,0,0,1
0,0,0,1
0,0,0,1
0,0,0,1
0,0,0,1
0,0,0,1
0,0,0,1
0,0,0,1
1,0,42,1
0,0,0,1
0,0,0,1
0,0,0,1
0,0,0,1
0,0,0,1
0,0,0,1
0,0,0,1
0,0,0,1
0,0,0,1
0,0,0,1
0,0,0,1
0,0,0,1
0,0,0,1
0,0,0,1
0,0,0,1
0,0,0,1
0,0,0,1
0,0,0,1
0,0,0,1
0,0,0,1
0,0,0,1
0,0,0,1
0,0,0,1
0,0,0,1
0,0,0,1
0,0,0,1
0,0,0,1
0,0,0,1
0,0,0,1
0,0,0,1
0,0,0,1
0,0,0,1
1,0,42,1
0,0,0,1
2,0,84,1
0,0,0,1
1,0,42,1
0,0,0,1
0,0,0,1
0,0,0,1
0,0,0,1
0,0,0,1
0,0,0,1
0,0,0,1
0,0,0,1
0,0,0,1
0,0,0,1
1,0,82,1
0,0,0,1
1,0,82,1
0,0,0,1
0,0,0,1
0,0,0,1
0,0,0,1
0,0,0,1
0,0,0,1
0,0,0,1
0,0,0,1
0,0,0,1
0,0,0,1
0,0,0,1
0,0,0,1
0,0,0,1
0,0,0,1
0,0,0,1
0,0,0,1
0,0,0,1
0,0,0,1
0,0,0,1
0,0,0,1
0,0,0,1
0,0,0,1
0,0,0,1
0,0,0,1
0,0,0,1
0,0,0,1
0,0,0,1
0,0,0,1
0,0,0,1
0,0,0,1
0,0,0,1
0,0,0,1
0,0,0,1
1,0,82,1
0,0,0,1
0,0,0,1
0,0,0,1
0,0,0,1
0,0,0,1
0,0,0,1
0,0,0,1
0,0,0,1
0,0,0,1
0,0,0,1
0,0,0,1
2,0,164,1
0,0,0,1
0,0,0,1
0,0,0,1
0,0,0,1
0,0,0,1
0,0,0,1
0,0,0,1
0,0,0,1
0,0,0,1
0,0,0,1
0,0,0,1
2,0,164,1
1,0,82,1
0,0,0,1
0,0,0,1
0,0,0,1
0,0,0,1
0,0,0,1
0,0,0,1
0,0,0,1
0,0,0,1
0,0,0,1
0,0,0,1
0,0,0,1
0,0,0,1
0,0,0,1
0,0,0,1
0,0,0,1
0,0,0,1
0,0,0,1
0,0,0,1
0,0,0,1
0,0,0,1
0,0,0,1
0,0,0,1
0,0,0,1
0,0,0,1
0,0,0,1
0,0,0,1
0,0,0,1
0,0,0,1
0,0,0,1
0,0,0,1
0,0,0,1
0,0,0,1
0,0,0,1
0,0,0,1
0,0,0,1
0,0,0,1
0,0,0,1
0,0,0,1
0,0,0,1
0,0,0,1
0,0,0,1
0,0,0,1
0,0,0,1
0,0,0,1
0,0,0,1
0,0,0,1
0,0,0,1
0,0,0,1
0,0,0,1
0,0,0,1
0,0,0,1
0,0,0,1
0,0,0,1
1,0,23,1
0,0,0,1
0,0,0,1
0,0,0,1
0,0,0,1
1,0,23,1
0,0,0,1
2,0,47,1
7,0,165,1
2,0,47,1
0,0,0,1
6,0,141,1
4,0,94,1
16,0,424,1
18,0,495,4
12,0,330,4
25,0,778,4
9,0,283,4
25,0,1085,4
4,0,35,1
3,0,26,1
5,0,44,1
4,0,35,1
1,0,8,1
2,0,17,1
3,0,26,1
4,0,35,1
7,0,62,1
0,0,0,1
2,0,17,1
5,0,44,1
1,0,8,1
3,0,26,1
1,0,8,1
2,0,17,1
3,0,26,1
1,0,8,1
0,0,0,1
0,0,0,1
1,0,8,1
0,0,0,1
0,0,0,1
1,0,8,1
1,0,8,1
0,0,0,1
0,0,0,1
0,0,0,1
0,0,0,1
0,0,0,1
1,0,8,1
0,0,0,1
0,0,0,1
2,0,17,1
0,0,0,1
0,0,0,1
0,0,0,1
1,0,8,1
0,0,0,1
1,0,8,1
0,0,0,1
1,0,8,1
0,0,0,1
0,0,0,1
1,0,8,1
0,0,0,1
0,0,0,1
1,0,8,1
4,0,35,1
0,0,0,1
0,0,0,1
0,0,0,1
1,0,8,1
1,0,8,1
0,0,0,1
2,0,17,1
1,0,8,1
0,0,0,1
0,0,0,1
2,0,17,1
5,0,44,1
2,0,17,1
4,0,35,1
3,0,26,1
5,0,44,1
3,0,26,1
8,0,79,1
3,0,26,1
20,0,230,1
8,0,97,4
18,0,283,4
2,0,26,1
1,0,13,1
0,0,0,1
0,0,0,1
0,0,0,1
0,0,0,1
0,0,0,1
1,0,13,1
0,0,0,1
0,0,0,1
0,0,0,1
0,0,0,1
0,0,0,1
0,0,0,1
0,0,0,1
0,0,0,1
0,0,0,1
0,0,0,1
0,0,0,1
0,0,0,1
0,0,0,1
0,0,0,1
0,0,0,1
0,0,0,1
0,0,0,1
0,0,0,1
0,0,0,1
0,0,0,1
0,0,0,1
0,0,0,1
0,0,0,1
0,0,0,1
0,0,0,1
0,0,0,1
0,0,0,1
0,0,0,1
0,0,0,1
0,0,0,1
0,0,0,1
0,0,0,1
0,0,0,1
0,0,0,1
0,0,0,1
0,0,0,1
0,0,0,1
0,0,0,1
1,0,13,1
0,0,0,1
0,0,0,1
0,0,0,1
0,0,0,1
0,0,0,1
0,0,0,1
0,0,0,1
2,0,26,1
0,0,0,1
0,0,0,1
0,0,0,1
1,0,13,1
1,0,13,1
1,0,13,1
0,0,0,1
4,0,53,1
8,0,107,1
1,0,13,1
8,0,107,1
19,0,282,1
10,0,147,4
12,0,201,4
11,0,201,4
10,0,228,4
9,0,59,2
8,0,52,2
4,0,26,2
1,0,6,1
0,0,0,1
3,0,19,1
2,0,13,1
3,0,19,1
0,0,0,1
0,0,0,1
1,0,6,1
0,0,0,1
0,0,0,1
1,0,6,1
0,0,0,1
1,0,6,1
1,0,6,1
5,0,32,1
0,0,0,1
1,0,6,1
0,0,0,1
0,0,0,1
0,0,0,1
0,0,0,1
0,0,0,1
0,0,0,1
0,0,0,1
0,0,0,1
0,0,0,1
0,0,0,1
0,0,0,1
0,0,0,1
0,0,0,1
0,0,0,1
0,0,0,1
0,0,0,1
0,0,0,1
0,0,0,1
0,0,0,1
2,0,13,1
0,0,0,1
0,0,0,1
0,0,0,1
0,0,0,1
2,0,13,1
1,0,6,1
1,0,6,1
3,0,19,1
2,0,13,1
4,0,26,1
2,0,13,1
0,0,0,1
1,0,6,1
2,0,13,1
27,0,177,1
57,1,382,4
72,0,494,4
87,0,599,4
97,0,672,4
75,0,520,4
101,0,718,4
59,0,415,4
96,0,698,4
117,0,863,4
103,0,777,4
124,0,968,4
139,0,1133,4
73,0,619,4
63,0,566,4
32,0,316,4
21,0,243,4
0,0,0,1
0,0,0,1
0,0,0,1
0,0,0,1
0,0,0,1
0,0,0,1
0,0,0,1
0,0,0,1
0,0,0,1
0,0,0,1
0,0,0,1
0,0,0,1
0,0,0,1
0,0,0,1
0,0,0,1
0,0,0,1
0,0,0,1
0,0,0,1
0,0,0,1
0,0,0,1
0,0,0,1
0,0,0,1
0,0,0,1
0,0,0,1
0,0,0,1
0,0,0,1
0,0,0,1
0,0,0,1
0,0,0,1
0,0,0,1
0,0,0,1
0,0,0,1
0,0,0,1
0,0,0,1
0,0,0,1
0,0,0,1
0,0,0,1
0,0,0,1
0,0,0,1
0,0,0,1
0,0,0,1
0,0,0,1
0,0,0,1
0,0,0,1
0,0,0,1
0,0,0,1
0,0,0,1
0,0,0,1
0,0,0,1
0,0,0,1
0,0,0,1
0,0,0,1
0,0,0,1
0,0,0,1
0,0,0,1
0,0,0,1
0,0,0,1
0,0,0,1
0,0,0,1
0,0,0,1
0,0,0,1
0,0,0,1
0,0,0,1
2,0,19,1
2,0,19,1
7,0,66,1
6,0,57,1
30,0,352,1
33,0,419,4
0,0,0,2
0,0,0,2
0,0,0,1
0,0,0,1
0,0,0,1
1,0,25,1
0,0,0,1
0,0,0,1
0,0,0,1
0,0,0,1
0,0,0,1
0,0,0,1
0,0,0,1
0,0,0,1
0,0,0,1
0,0,0,1
0,0,0,1
0,0,0,1
0,0,0,1
0,0,0,1
0,0,0,1
0,0,0,1
0,0,0,1
0,0,0,1
0,0,0,1
0,0,0,1
0,0,0,1
0,0,0,1
0,0,0,1
0,0,0,1
0,0,0,1
0,0,0,1
0,0,0,1
0,0,0,1
0,0,0,1
0,0,0,1
0,0,0,1
0,0,0,1
0,0,0,1
0,0,0,1
0,0,0,1
0,0,0,1
0,0,0,1
0,0,0,1
0,0,0,1
0,0,0,1
0,0,0,1
0,0,0,1
0,0,0,1
0,0,0,1
0,0,0,1
0,0,0,1
0,0,0,1
0,0,0,1
0,0,0,1
0,0,0,1
0,0,0,1
0,0,0,1
0,0,0,1
0,0,0,1
0,0,0,1
1,0,25,1
0,0,0,1
4,0,103,1
13,0,337,1
3,0,77,1
5,0,129,1
3,0,77,1
5,0,129,1
7,0,207,1
16,0,519,1
7,0,233,1
10,0,415,1
0,0,0,1
0,0,0,1
0,0,0,1
0,0,0,1
0,0,0,1
0,0,0,1
0,0,0,1
0,0,0,1
0,0,0,1
0,0,0,1
0,0,0,1
0,0,0,1
0,0,0,1
0,0,0,1
0,0,0,1
2,0,56,1
0,0,0,1
0,0,0,1
0,0,0,1
0,0,0,1
0,0,0,1
0,0,0,1
0,0,0,1
0,0,0,1
0,0,0,1
0,0,0,1
0,0,0,1
0,0,0,1
0,0,0,1
0,0,0,1
0,0,0,1
0,0,0,1
0,0,0,1
0,0,0,1
0,0,0,1
0,0,0,1
0,0,0,1
0,0,0,1
0,0,0,1
0,0,0,1
0,0,0,1
0,0,0,1
0,0,0,1
0,0,0,1
0,0,0,1
0,0,0,1
0,0,0,1
0,0,0,1
0,0,0,1
0,0,0,1
0,0,0,1
0,0,0,1
2,0,56,1
0,0,0,1
2,0,56,1
1,0,28,1
0,0,0,1
0,0,0,1
0,0,0,1
0,0,0,1
0,0,0,1
0,0,0,1
0,0,0,1
3,0,84,1
1,0,28,1
4,0,113,1
0,0,0,1
1,0,28,1
5,0,169,1
4,0,141,1
2,0,56,1
0,0,0,1
0,0,0,1
0,0,0,1
0,0,0,1
0,0,0,1
0,0,0,1
0,0,0,1
0,0,0,1
0,0,0,1
0,0,0,1
0,0,0,1
0,0,0,1
0,0,0,1
0,0,0,1
0,0,0,1
0,0,0,1
0,0,0,1
0,0,0,1
0,0,0,1
0,0,0,1
0,0,0,1
0,0,0,1
0,0,0,1
0,0,0,1
0,0,0,1
0,0,0,1
0,0,0,1
0,0,0,1
0,0,0,1
0,0,0,1
0,0,0,1
0,0,0,1
0,0,0,1
0,0,0,1
0,0,0,1
0,0,0,1
0,0,0,1
0,0,0,1
0,0,0,1
0,0,0,1
0,0,0,1
0,0,0,1
0,0,0,1
0,0,0,1
0,0,0,1
1,0,16,1
0,0,0,1
0,0,0,1
0,0,0,1
0,0,0,1
0,0,0,1
0,0,0,1
0,0,0,1
0,0,0,1
1,0,16,1
0,0,0,1
0,0,0,1
0,0,0,1
1,0,16,1
1,0,16,1
2,0,32,1
2,0,32,1
0,0,0,1
0,0,0,1
2,0,32,1
3,0,48,1
12,0,209,1
13,0,241,4
24,0,500,4
22,0,516,4
20,0,580,4
0,0,0,1
0,0,0,1
2,0,6,1
0,0,0,1
1,0,3,1
1,0,3,1
2,0,6,1
0,0,0,1
0,0,0,1
2,0,6,1
1,0,3,1
4,0,12,1
4,0,12,1
8,0,25,1
22,0,70,1
14,0,44,4
20,0,63,4
5,0,15,2
6,0,19,2
17,0,54,2
9,0,28,2
1,0,3,2
2,0,6,1
1,0,3,1
2,0,6,1
2,0,6,1
1,0,3,1
0,0,0,1
1,0,3,1
1,0,3,1
0,0,0,1
1,0,3,1
1,0,3,1
0,0,0,1
0,0,0,1
0,0,0,1
0,0,0,1
1,0,3,1
0,0,0,1
0,0,0,1
10,0,31,1
4,0,12,1
3,0,9,1
3,0,9,1
5,0,15,1
2,0,6,1
9,0,28,1
5,0,15,1
0,0,0,1
0,0,0,1
0,0,0,1
0,0,0,1
18,0,57,1
45,1,146,4
52,0,168,4
56,0,181,4
62,0,204,4
46,0,149,4
60,0,200,4
49,0,162,4
59,0,200,4
24,0,79,4
44,0,149,4
31,0,108,4
50,0,178,4
33,0,117,4
51,0,191,4
86,0,350,4
101,0,449,4
76,0,376,4
32,0,184,4
0,0,0,1
1,0,11,1
1,0,11,1
2,0,22,1
0,0,0,1
0,0,0,1
0,0,0,1
2,0,22,1
1,0,11,1
1,0,11,1
0,0,0,1
1,0,11,1
3,0,34,1
1,0,11,1
9,0,102,1
10,0,113,1
17,0,192,3
12,0,136,4
8,0,90,2
9,0,102,2
6,0,68,2
4,0,45,2
3,0,34,1
4,0,45,1
4,0,45,1
1,0,11,1
0,0,0,1
0,0,0,1
0,0,0,1
0,0,0,1
0,0,0,1
0,0,0,1
0,0,0,1
0,0,0,1
0,0,0,1
0,0,0,1
0,0,0,1
1,0,11,1
0,0,0,1
0,0,0,1
0,0,0,1
2,0,22,1
1,0,11,1
2,0,22,1
2,0,22,1
0,0,0,1
0,0,0,1
0,0,0,1
0,0,0,1
0,0,0,1
0,0,0,1
0,0,0,1
1,0,11,1
1,0,11,1
0,0,0,1
0,0,0,1
4,0,45,1
4,0,45,1
6,0,68,1
5,0,56,1
6,0,68,1
8,0,90,1
4,0,45,1
6,0,68,1
18,0,215,1
13,0,158,4
22,0,283,4
9,0,113,2
14,0,192,2
19,0,306,4
10,0,192,4
0,0,0,1
0,0,0,1
0,0,0,1
0,0,0,1
0,0,0,1
0,0,0,1
0,0,0,1
0,0,0,1
0,0,0,1
0,0,0,1
0,0,0,1
0,0,0,1
0,0,0,1
0,0,0,1
0,0,0,1
0,0,0,1
0,0,0,1
0,0,0,1
0,0,0,1
0,0,0,1
0,0,0,1
0,0,0,1
0,0,0,1
0,0,0,1
0,0,0,1
0,0,0,1
0,0,0,1
0,0,0,1
0,0,0,1
0,0,0,1
0,0,0,1
0,0,0,1
0,0,0,1
0,0,0,1
0,0,0,1
0,0,0,1
0,0,0,1
0,0,0,1
0,0,0,1
0,0,0,1
0,0,0,1
0,0,0,1
0,0,0,1
0,0,0,1
0,0,0,1
0,0,0,1
0,0,0,1
0,0,0,1
0,0,0,1
0,0,0,1
0,0,0,1
0,0,0,1
0,0,0,1
0,0,0,1
0,0,0,1
0,0,0,1
0,0,0,1
0,0,0,1
0,0,0,1
0,0,0,1
0,0,0,1
0,0,0,1
0,0,0,1
0,0,0,1
2,0,25,1
6,0,75,1
9,0,125,1
6,0,87,1
17,0,275,1
4,0,62,1
12,0,262,1
0,0,0,1
8,0,32,1
2,0,8,1
4,0,16,1
1,0,4,1
2,0,8,1
0,0,0,1
0,0,0,1
0,0,0,1
1,0,4,1
0,0,0,1
1,0,4,1
0,0,0,1
0,0,0,1
0,0,0,1
0,0,0,1
0,0,0,1
0,0,0,1
1,0,4,1
0,0,0,1
0,0,0,1
0,0,0,1
0,0,0,1
0,0,0,1
0,0,0,1
0,0,0,1
0,0,0,1
0,0,0,1
0,0,0,1
0,0,0,1
0,0,0,1
0,0,0,1
0,0,0,1
0,0,0,1
1,0,4,1
1,0,4,1
0,0,0,1
0,0,0,1
1,0,4,1
1,0,4,1
0,0,0,1
0,0,0,1
0,0,0,1
0,0,0,1
0,0,0,1
0,0,0,1
1,0,4,1
0,0,0,1
0,0,0,1
0,0,0,1
0,0,0,1
0,0,0,1
0,0,0,1
0,0,0,1
0,0,0,1
0,0,0,1
0,0,0,1
0,0,0,1
0,0,0,1
2,0,8,1
2,0,8,1
1,0,4,1
3,0,12,1
3,0,12,1
6,0,24,1
4,0,16,1
3,0,12,1
20,0,98,1
15,0,78,4
10,0,57,4
11,0,78,4
0,0,0,1
0,0,0,1
0,0,0,1
1,0,10,1
0,0,0,1
0,0,0,1
0,0,0,1
0,0,0,1
1,0,10,1
0,0,0,1
1,0,10,1
0,0,0,1
0,0,0,1
0,0,0,1
0,0,0,1
0,0,0,1
1,0,10,1
0,0,0,1
0,0,0,1
0,0,0,1
0,0,0,1
0,0,0,1
0,0,0,1
0,0,0,1
0,0,0,1
0,0,0,1
0,0,0,1
0,0,0,1
0,0,0,1
0,0,0,1
0,0,0,1
0,0,0,1
0,0,0,1
0,0,0,1
0,0,0,1
0,0,0,1
0,0,0,1
0,0,0,1
0,0,0,1
0,0,0,1
0,0,0,1
0,0,0,1
0,0,0,1
0,0,0,1
0,0,0,1
0,0,0,1
0,0,0,1
0,0,0,1
0,0,0,1
0,0,0,1
0,0,0,1
0,0,0,1
0,0,0,1
2,0,20,1
0,0,0,1
0,0,0,1
0,0,0,1
1,0,10,1
2,0,20,1
0,0,0,1
0,0,0,1
1,0,10,1
6,0,62,1
4,0,41,1
8,0,83,1
9,0,93,1
19,0,228,1
25,0,312,4
71,1,1019,4
76,1,1228,4
49,0,967,4
0,0,0,1
1,0,12,1
2,0,24,1
1,0,12,1
0,0,0,1
0,0,0,1
0,0,0,1
0,0,0,1
0,0,0,1
0,0,0,1
0,0,0,1
0,0,0,1
0,0,0,1
0,0,0,1
0,0,0,1
0,0,0,1
0,0,0,1
0,0,0,1
0,0,0,1
0,0,0,1
0,0,0,1
0,0,0,1
0,0,0,1
0,0,0,1
0,0,0,1
0,0,0,1
0,0,0,1
0,0,0,1
0,0,0,1
0,0,0,1
0,0,0,1
0,0,0,1
0,0,0,1
0,0,0,1
0,0,0,1
0,0,0,1
0,0,0,1
0,0,0,1
0,0,0,1
0,0,0,1
0,0,0,1
0,0,0,1
0,0,0,1
0,0,0,1
0,0,0,1
0,0,0,1
0,0,0,1
0,0,0,1
0,0,0,1
0,0,0,1
0,0,0,1
0,0,0,1
0,0,0,1
0,0,0,1
0,0,0,1
1,0,12,1
1,0,12,1
0,0,0,1
0,0,0,1
1,0,12,1
2,0,24,1
1,0,12,1
8,0,99,1
6,0,74,1
3,0,37,1
2,0,24,1
2,0,24,1
6,0,86,1
12,0,186,1
7,0,111,1
13,0,272,1
0,0,0,1
1,0,42,1
0,0,0,1
2,0,85,1
0,0,0,1
0,0,0,1
0,0,0,1
1,0,42,1
0,0,0,1
2,0,85,1
0,0,0,1
3,0,128,1
4,0,171,1
0,0,0,1
0,0,0,1
0,0,0,1
1,0,42,1
0,0,0,1
0,0,0,1
1,0,42,1
0,0,0,1
1,0,42,1
0,0,0,1
0,0,0,1
0,0,0,1
0,0,0,1
0,0,0,1
1,0,42,1
0,0,0,1
0,0,0,1
0,0,0,1
1,0,42,1
0,0,0,1
0,0,0,1
0,0,0,1
0,0,0,1
0,0,0,1
0,0,0,1
0,0,0,1
0,0,0,1
0,0,0,1
0,0,0,1
0,0,0,1
0,0,0,1
0,0,0,1
0,0,0,1
2,0,85,1
0,0,0,1
0,0,0,1
0,0,0,1
0,0,0,1
0,0,0,1
0,0,0,1
4,0,171,1
2,0,85,1
0,0,0,1
1,0,42,1
0,0,0,1
0,0,0,1
1,0,42,1
0,0,0,1
0,0,0,1
1,0,42,1
1,0,42,1
0,0,0,1
4,0,171,1
7,0,299,1
3,0,128,1
7,0,342,1
1,0,42,1
4,0,256,1
4,0,5,1
6,0,7,1
1,0,1,1
7,0,8,1
6,0,7,1
5,0,6,1
4,0,5,1
10,0,12,1
12,0,15,1
4,0,5,1
4,0,5,2
4,0,5,2
6,0,7,1
6,0,7,1
6,0,7,1
4,0,5,1
1,0,1,1
0,0,0,1
1,0,1,1
2,0,2,1
2,0,2,1
0,0,0,1
1,0,1,1
3,0,3,1
0,0,0,1
1,0,1,1
1,0,1,1
1,0,1,1
4,0,5,1
1,0,1,1
1,0,1,1
4,0,5,1
1,0,1,1
1,0,1,1
2,0,2,1
0,0,0,1
4,0,5,1
2,0,2,1
1,0,1,1
4,0,5,1
5,0,6,1
6,0,7,1
8,0,10,1
18,0,22,1
13,0,16,4
15,0,18,4
13,0,16,4
5,0,6,2
6,0,7,2
2,0,2,2
0,0,0,1
0,0,0,1
4,0,5,1
8,0,10,2
9,0,11,2
12,0,15,2
10,0,12,1
20,0,25,1
32,0,41,4
24,0,31,4
37,0,49,4
41,0,55,4
86,0,118,4
134,1,190,4
206,1,301,4
369,1,561,4
398,1,630,4
442,1,741,4
779,1,1419,4
334,0,678,4
1,0,1,2
0,0,0,1
0,0,0,1
0,0,0,1
0,0,0,1
2,0,25,1
0,0,0,1
0,0,0,1
0,0,0,1
0,0,0,1
0,0,0,1
0,0,0,1
0,0,0,1
0,0,0,1
0,0,0,1
0,0,0,1
1,0,12,1
0,0,0,1
0,0,0,1
1,0,12,1
0,0,0,1
0,0,0,1
0,0,0,1
2,0,25,1
0,0,0,1
4,0,51,1
3,0,38,1
0,0,0,1
0,0,0,1
0,0,0,1
0,0,0,1
0,0,0,1
0,0,0,1
0,0,0,1
0,0,0,1
0,0,0,1
0,0,0,1
0,0,0,1
0,0,0,1
0,0,0,1
0,0,0,1
0,0,0,1
0,0,0,1
0,0,0,1
0,0,0,1
0,0,0,1
0,0,0,1
0,0,0,1
0,0,0,1
0,0,0,1
0,0,0,1
0,0,0,1
0,0,0,1
1,0,12,1
0,0,0,1
5,0,64,1
4,0,51,1
3,0,38,2
11,0,140,2
20,0,256,4
7,0,89,2
15,0,192,2
4,0,51,2
24,0,320,2
91,1,1305,4
35,0,499,4
53,0,780,4
65,0,1011,4
35,0,550,4
31,0,524,4
45,0,857,4
35,0,832,4
2,0,61,1
0,0,0,1
0,0,0,1
0,0,0,1
0,0,0,1
0,0,0,1
0,0,0,1
0,0,0,1
1,0,30,1
0,0,0,1
0,0,0,1
0,0,0,1
0,0,0,1
0,0,0,1
0,0,0,1
0,0,0,1
0,0,0,1
0,0,0,1
0,0,0,1
0,0,0,1
0,0,0,1
0,0,0,1
0,0,0,1
0,0,0,1
0,0,0,1
0,0,0,1
0,0,0,1
0,0,0,1
0,0,0,1
0,0,0,1
0,0,0,1
0,0,0,1
0,0,0,1
0,0,0,1
0,0,0,1
0,0,0,1
0,0,0,1
0,0,0,1
0,0,0,1
0,0,0,1
0,0,0,1
0,0,0,1
0,0,0,1
0,0,0,1
0,0,0,1
0,0,0,1
0,0,0,1
0,0,0,1
0,0,0,1
0,0,0,1
0,0,0,1
0,0,0,1
0,0,0,1
0,0,0,1
0,0,0,1
0,0,0,1
0,0,0,1
0,0,0,1
1,0,30,1
1,0,30,1
1,0,30,1
0,0,0,1
0,0,0,1
8,0,247,1
12,0,371,1
8,0,247,1
10,0,340,1
6,0,185,1
1,0,30,1
0,0,0,1
0,0,0,1
0,0,0,1
0,0,0,1
0,0,0,1
0,0,0,1
0,0,0,1
0,0,0,1
0,0,0,1
1,0,11,1
0,0,0,1
0,0,0,1
1,0,11,1
1,0,11,1
0,0,0,1
0,0,0,1
0,0,0,1
0,0,0,1
0,0,0,1
0,0,0,1
0,0,0,1
0,0,0,1
0,0,0,1
0,0,0,1
0,0,0,1
0,0,0,1
0,0,0,1
0,0,0,1
0,0,0,1
0,0,0,1
0,0,0,1
0,0,0,1
0,0,0,1
0,0,0,1
0,0,0,1
1,0,11,1
0,0,0,1
0,0,0,1
0,0,0,1
0,0,0,1
0,0,0,1
0,0,0,1
0,0,0,1
0,0,0,1
0,0,0,1
0,0,0,1
0,0,0,1
0,0,0,1
0,0,0,1
0,0,0,1
0,0,0,1
0,0,0,1
0,0,0,1
0,0,0,1
0,0,0,1
0,0,0,1
0,0,0,1
0,0,0,1
0,0,0,1
0,0,0,1
2,0,22,1
3,0,33,1
2,0,22,1
0,0,0,1
1,0,11,1
6,0,66,1
12,0,144,1
13,0,155,4
12,0,144,4
14,0,177,4
13,0,177,4
2,0,22,2
5,0,77,2
0,0,0,1
0,0,0,1
0,0,0,1
0,0,0,1
0,0,0,1
0,0,0,1
0,0,0,1
0,0,0,1
0,0,0,1
0,0,0,1
0,0,0,1
0,0,0,1
0,0,0,1
0,0,0,1
0,0,0,1
0,0,0,1
0,0,0,1
0,0,0,1
3,0,102,1
2,0,68,1
0,0,0,1
0,0,0,1
0,0,0,1
0,0,0,1
0,0,0,1
0,0,0,1
0,0,0,1
0,0,0,1
0,0,0,1
0,0,0,1
0,0,0,1
0,0,0,1
0,0,0,1
0,0,0,1
0,0,0,1
0,0,0,1
0,0,0,1
0,0,0,1
0,0,0,1
0,0,0,1
0,0,0,1
0,0,0,1
0,0,0,1
0,0,0,1
0,0,0,1
0,0,0,1
0,0,0,1
0,0,0,1
0,0,0,1
0,0,0,1
0,0,0,1
0,0,0,1
0,0,0,1
0,0,0,1
0,0,0,1
0,0,0,1
0,0,0,1
0,0,0,1
0,0,0,1
0,0,0,1
0,0,0,1
0,0,0,1
3,0,102,1
0,0,0,1
3,0,102,1
1,0,34,1
1,0,34,1
3,0,102,1
8,0,308,1
8,0,377,1
7,0,377,4
0,0,0,1
0,0,0,1
0,0,0,1
0,0,0,1
0,0,0,1
0,0,0,1
0,0,0,1
1,0,26,1
0,0,0,1
0,0,0,1
0,0,0,1
0,0,0,1
0,0,0,1
0,0,0,1
0,0,0,1
1,0,26,1
0,0,0,1
0,0,0,1
0,0,0,1
0,0,0,1
0,0,0,1
0,0,0,1
0,0,0,1
0,0,0,1
0,0,0,1
0,0,0,1
0,0,0,1
0,0,0,1
0,0,0,1
0,0,0,1
0,0,0,1
0,0,0,1
0,0,0,1
0,0,0,1
0,0,0,1
0,0,0,1
0,0,0,1
0,0,0,1
0,0,0,1
0,0,0,1
0,0,0,1
0,0,0,1
0,0,0,1
0,0,0,1
0,0,0,1
0,0,0,1
0,0,0,1
1,0,26,1
0,0,0,1
0,0,0,1
0,0,0,1
0,0,0,1
0,0,0,1
0,0,0,1
0,0,0,1
1,0,26,1
0,0,0,1
1,0,26,1
1,0,26,1
0,0,0,1
0,0,0,1
0,0,0,1
0,0,0,1
3,0,80,1
2,0,53,1
3,0,80,1
4,0,107,1
6,0,161,1
7,0,215,1
5,0,161,1
2,0,53,1
14,0,5,1
39,0,16,1
51,0,21,1
52,0,22,3
25,0,10,2
22,0,9,2
17,0,7,2
26,0,11,2
29,0,12,2
19,0,8,2
26,0,11,2
22,0,9,2
18,0,7,2
15,0,6,1
11,0,4,1
8,0,3,1
3,0,1,1
4,0,1,1
4,0,1,1
5,0,2,1
4,0,1,1
1,0,0,1
0,0,0,1
2,0,0,1
2,0,0,1
2,0,0,1
4,0,1,1
0,0,0,1
3,0,1,1
2,0,0,1
4,0,1,1
1,0,0,1
3,0,1,1
5,0,2,1
1,0,0,1
4,0,1,1
9,0,3,1
4,0,1,1
4,0,1,1
5,0,2,1
2,0,0,1
2,0,0,1
6,0,2,1
4,0,1,1
1,0,0,1
2,0,0,1
8,0,3,1
4,0,1,1
5,0,2,1
4,0,1,1
0,0,0,1
0,0,0,1
7,0,2,1
15,0,6,1
17,0,7,1
31,0,13,3
58,0,25,3
71,0,31,3
101,0,45,3
113,0,51,4
119,0,54,4
98,0,45,4
170,0,80,4
226,1,109,4
350,1,175,4
557,1,289,4
746,1,403,4
678,1,387,4
634,0,391,4
347,0,239,4
122,0,102,4
1,0,4,1
1,0,4,1
1,0,4,1
0,0,0,1
2,0,8,1
2,0,8,1
0,0,0,1
0,0,0,1
0,0,0,1
2,0,8,1
0,0,0,1
0,0,0,1
0,0,0,1
0,0,0,1
1,0,4,1
1,0,4,1
1,0,4,1
0,0,0,1
0,0,0,1
1,0,4,1
0,0,0,1
0,0,0,1
0,0,0,1
0,0,0,1
0,0,0,1
0,0,0,1
0,0,0,1
0,0,0,1
0,0,0,1
0,0,0,1
0,0,0,1
0,0,0,1
0,0,0,1
0,0,0,1
0,0,0,1
0,0,0,1
0,0,0,1
0,0,0,1
0,0,0,1
0,0,0,1
0,0,0,1
1,0,4,1
1,0,4,1
0,0,0,1
2,0,8,1
1,0,4,1
0,0,0,1
0,0,0,1
0,0,0,1
0,0,0,1
0,0,0,1
0,0,0,1
0,0,0,1
0,0,0,1
0,0,0,1
2,0,8,1
2,0,8,1
2,0,8,1
3,0,12,1
9,0,38,1
8,0,33,1
6,0,25,1
12,0,50,1
12,0,50,4
14,0,63,4
22,0,101,4
39,0,195,4
43,0,229,4
90,1,526,4
52,0,339,4
0,0,0,2
0,0,0,1
0,0,0,1
0,0,0,1
0,0,0,1
0,0,0,1
0,0,0,1
0,0,0,1
0,0,0,1
1,0,6,1
0,0,0,1
0,0,0,1
2,0,12,1
1,0,6,1
0,0,0,1
3,0,19,1
2,0,12,1
0,0,0,1
0,0,0,1
0,0,0,1
0,0,0,1
0,0,0,1
0,0,0,1
0,0,0,1
0,0,0,1
0,0,0,1
0,0,0,1
0,0,0,1
0,0,0,1
0,0,0,1
0,0,0,1
0,0,0,1
0,0,0,1
0,0,0,1
0,0,0,1
0,0,0,1
0,0,0,1
0,0,0,1
0,0,0,1
0,0,0,1
0,0,0,1
0,0,0,1
0,0,0,1
0,0,0,1
0,0,0,1
0,0,0,1
0,0,0,1
0,0,0,1
0,0,0,1
0,0,0,1
0,0,0,1
0,0,0,1
0,0,0,1
1,0,6,1
1,0,6,1
2,0,12,1
1,0,6,1
1,0,6,1
2,0,12,1
2,0,12,1
9,0,58,1
18,0,116,1
27,0,181,4
86,1,610,4
37,0,259,4
21,0,149,4
20,0,142,4
24,0,181,4
8,0,58,2
10,0,77,2
8,0,64,2
9,0,97,2
0,0,0,1
1,0,3,1
0,0,0,1
2,0,6,1
3,0,9,1
3,0,9,1
1,0,3,1
0,0,0,1
0,0,0,1
2,0,6,1
1,0,3,1
1,0,3,1
2,0,6,1
1,0,3,1
0,0,0,1
1,0,3,1
4,0,12,1
0,0,0,1
0,0,0,1
0,0,0,1
0,0,0,1
0,0,0,1
0,0,0,1
0,0,0,1
0,0,0,1
1,0,3,1
0,0,0,1
0,0,0,1
0,0,0,1
0,0,0,1
0,0,0,1
0,0,0,1
0,0,0,1
0,0,0,1
0,0,0,1
0,0,0,1
1,0,3,1
0,0,0,1
1,0,3,1
0,0,0,1
0,0,0,1
0,0,0,1
1,0,3,1
0,0,0,1
0,0,0,1
0,0,0,1
2,0,6,1
1,0,3,1
0,0,0,1
0,0,0,1
0,0,0,1
0,0,0,1
2,0,6,1
2,0,6,1
2,0,6,1
2,0,6,1
2,0,6,1
5,0,15,1
3,0,9,1
2,0,6,1
0,0,0,1
2,0,6,1
5,0,15,1
12,0,41,1
36,0,127,4
33,0,121,4
61,0,235,4
55,0,219,4
126,1,560,4
22,0,101,4
0,0,0,2
12,0,1,2
22,0,3,2
21,0,3,2
32,0,5,2
15,0,2,2
12,0,2,2
8,0,1,2
15,0,3,2
3,0,0,2
0,0,0,1
0,0,0,1
0,0,0,1
1,0,38,1
0,0,0,1
0,0,0,1
0,0,0,1
0,0,0,1
0,0,0,1
0,0,0,1
0,0,0,1
0,0,0,1
0,0,0,1
0,0,0,1
0,0,0,1
1,0,38,1
0,0,0,1
0,0,0,1
0,0,0,1
0,0,0,1
0,0,0,1
0,0,0,1
0,0,0,1
0,0,0,1
0,0,0,1
0,0,0,1
1,0,38,1
0,0,0,1
0,0,0,1
0,0,0,1
0,0,0,1
0,0,0,1
0,0,0,1
0,0,0,1
0,0,0,1
0,0,0,1
0,0,0,1
0,0,0,1
0,0,0,1
0,0,0,1
0,0,0,1
0,0,0,1
0,0,0,1
0,0,0,1
0,0,0,1
0,0,0,1
1,0,38,1
0,0,0,1
0,0,0,1
0,0,0,1
0,0,0,1
0,0,0,1
0,0,0,1
0,0,0,1
0,0,0,1
0,0,0,1
0,0,0,1
0,0,0,1
0,0,0,1
0,0,0,1
0,0,0,1
0,0,0,1
0,0,0,1
0,0,0,1
0,0,0,1
0,0,0,1
3,0,114,1
2,0,76,1
3,0,114,1
1,0,38,1
0,0,0,1
0,0,0,1
0,0,0,1
0,0,0,1
1,0,19,1
0,0,0,1
0,0,0,1
0,0,0,1
0,0,0,1
1,0,19,1
0,0,0,1
0,0,0,1
0,0,0,1
0,0,0,1
0,0,0,1
1,0,19,1
0,0,0,1
0,0,0,1
0,0,0,1
1,0,19,1
0,0,0,1
0,0,0,1
0,0,0,1
0,0,0,1
0,0,0,1
0,0,0,1
0,0,0,1
0,0,0,1
0,0,0,1
0,0,0,1
0,0,0,1
0,0,0,1
0,0,0,1
0,0,0,1
0,0,0,1
0,0,0,1
0,0,0,1
0,0,0,1
0,0,0,1
0,0,0,1
0,0,0,1
0,0,0,1
0,0,0,1
1,0,19,1
0,0,0,1
0,0,0,1
0,0,0,1
0,0,0,1
0,0,0,1
0,0,0,1
0,0,0,1
0,0,0,1
0,0,0,1
0,0,0,1
0,0,0,1
0,0,0,1
3,0,59,1
1,0,19,1
0,0,0,1
3,0,59,1
2,0,39,1
6,0,119,1
3,0,59,1
2,0,39,1
6,0,119,1
12,0,258,1
4,0,79,1
18,0,397,1
12,0,278,4
33,0,874,4
27,0,794,4
35,0,1291,4
